ISO-10303-21;
HEADER;
/* Generated by software containing ST-Developer
 * from STEP Tools, Inc. (www.steptools.com) 
 */

FILE_DESCRIPTION(
/* description */ (''),
/* implementation_level */ '2;1');

FILE_NAME(
/* name */ 'rack_v2.step',
/* time_stamp */ '2026-09-20T15:05:46-06:00',
/* author */ (''),
/* organization */ (''),
/* preprocessor_version */ 'ST-DEVELOPER v20.2',
/* originating_system */ 'Autodesk Translation Framework v15.15.0.0',
/* authorisation */ '');

FILE_SCHEMA (('AUTOMOTIVE_DESIGN { 1 0 10303 214 3 1 1 }'));
ENDSEC;

DATA;
#10=MECHANICAL_DESIGN_GEOMETRIC_PRESENTATION_REPRESENTATION('',(#13),#2827);
#11=SHAPE_REPRESENTATION_RELATIONSHIP('SRR','None',#2834,#12);
#12=ADVANCED_BREP_SHAPE_REPRESENTATION('',(#14),#2826);
#13=STYLED_ITEM('',(#2843),#14);
#14=MANIFOLD_SOLID_BREP('Body1',#1745);
#15=B_SPLINE_SURFACE_WITH_KNOTS('',3,3,((#2788,#2789,#2790,#2791),(#2792,
#2793,#2794,#2795),(#2796,#2797,#2798,#2799),(#2800,#2801,#2802,#2803),
(#2804,#2805,#2806,#2807),(#2808,#2809,#2810,#2811),(#2812,#2813,#2814,
#2815),(#2816,#2817,#2818,#2819),(#2820,#2821,#2822,#2823)),
 .UNSPECIFIED.,.F.,.F.,.F.,(4,1,1,1,1,1,4),(4,4),(0.,0.25,0.375,0.5,0.625,
0.75,1.),(0.,1.),.UNSPECIFIED.);
#16=FACE_BOUND('',#129,.T.);
#17=FACE_BOUND('',#175,.T.);
#18=B_SPLINE_CURVE_WITH_KNOTS('',3,(#2444,#2445,#2446,#2447,#2448,#2449,
#2450,#2451,#2452,#2453,#2454,#2455,#2456,#2457,#2458,#2459,#2460,#2461,
#2462),.UNSPECIFIED.,.F.,.F.,(4,3,3,3,3,3,4),(0.,0.186922266368398,0.280383399552596,
0.373844532736795,0.467305665920994,0.560766799105193,0.74768906547359),
 .UNSPECIFIED.);
#19=B_SPLINE_CURVE_WITH_KNOTS('',3,(#2743,#2744,#2745,#2746,#2747,#2748,
#2749,#2750,#2751,#2752,#2753,#2754,#2755,#2756,#2757,#2758,#2759,#2760,
#2761),.UNSPECIFIED.,.F.,.F.,(4,3,3,3,3,3,4),(-0.74768906547359,-0.560766799105193,
-0.467305665920994,-0.373844532736795,-0.280383399552596,-0.186922266368398,
0.),.UNSPECIFIED.);
#20=CIRCLE('',#1767,1.2500000637161);
#21=CIRCLE('',#1768,1.2500000637161);
#22=CYLINDRICAL_SURFACE('',#1766,1.2500000637161);
#23=FACE_OUTER_BOUND('',#107,.T.);
#24=FACE_OUTER_BOUND('',#108,.T.);
#25=FACE_OUTER_BOUND('',#109,.T.);
#26=FACE_OUTER_BOUND('',#110,.T.);
#27=FACE_OUTER_BOUND('',#111,.T.);
#28=FACE_OUTER_BOUND('',#112,.T.);
#29=FACE_OUTER_BOUND('',#113,.T.);
#30=FACE_OUTER_BOUND('',#114,.T.);
#31=FACE_OUTER_BOUND('',#115,.T.);
#32=FACE_OUTER_BOUND('',#116,.T.);
#33=FACE_OUTER_BOUND('',#117,.T.);
#34=FACE_OUTER_BOUND('',#118,.T.);
#35=FACE_OUTER_BOUND('',#119,.T.);
#36=FACE_OUTER_BOUND('',#120,.T.);
#37=FACE_OUTER_BOUND('',#121,.T.);
#38=FACE_OUTER_BOUND('',#122,.T.);
#39=FACE_OUTER_BOUND('',#123,.T.);
#40=FACE_OUTER_BOUND('',#124,.T.);
#41=FACE_OUTER_BOUND('',#125,.T.);
#42=FACE_OUTER_BOUND('',#126,.T.);
#43=FACE_OUTER_BOUND('',#127,.T.);
#44=FACE_OUTER_BOUND('',#128,.T.);
#45=FACE_OUTER_BOUND('',#130,.T.);
#46=FACE_OUTER_BOUND('',#131,.T.);
#47=FACE_OUTER_BOUND('',#132,.T.);
#48=FACE_OUTER_BOUND('',#133,.T.);
#49=FACE_OUTER_BOUND('',#134,.T.);
#50=FACE_OUTER_BOUND('',#135,.T.);
#51=FACE_OUTER_BOUND('',#136,.T.);
#52=FACE_OUTER_BOUND('',#137,.T.);
#53=FACE_OUTER_BOUND('',#138,.T.);
#54=FACE_OUTER_BOUND('',#139,.T.);
#55=FACE_OUTER_BOUND('',#140,.T.);
#56=FACE_OUTER_BOUND('',#141,.T.);
#57=FACE_OUTER_BOUND('',#142,.T.);
#58=FACE_OUTER_BOUND('',#143,.T.);
#59=FACE_OUTER_BOUND('',#144,.T.);
#60=FACE_OUTER_BOUND('',#145,.T.);
#61=FACE_OUTER_BOUND('',#146,.T.);
#62=FACE_OUTER_BOUND('',#147,.T.);
#63=FACE_OUTER_BOUND('',#148,.T.);
#64=FACE_OUTER_BOUND('',#149,.T.);
#65=FACE_OUTER_BOUND('',#150,.T.);
#66=FACE_OUTER_BOUND('',#151,.T.);
#67=FACE_OUTER_BOUND('',#152,.T.);
#68=FACE_OUTER_BOUND('',#153,.T.);
#69=FACE_OUTER_BOUND('',#154,.T.);
#70=FACE_OUTER_BOUND('',#155,.T.);
#71=FACE_OUTER_BOUND('',#156,.T.);
#72=FACE_OUTER_BOUND('',#157,.T.);
#73=FACE_OUTER_BOUND('',#158,.T.);
#74=FACE_OUTER_BOUND('',#159,.T.);
#75=FACE_OUTER_BOUND('',#160,.T.);
#76=FACE_OUTER_BOUND('',#161,.T.);
#77=FACE_OUTER_BOUND('',#162,.T.);
#78=FACE_OUTER_BOUND('',#163,.T.);
#79=FACE_OUTER_BOUND('',#164,.T.);
#80=FACE_OUTER_BOUND('',#165,.T.);
#81=FACE_OUTER_BOUND('',#166,.T.);
#82=FACE_OUTER_BOUND('',#167,.T.);
#83=FACE_OUTER_BOUND('',#168,.T.);
#84=FACE_OUTER_BOUND('',#169,.T.);
#85=FACE_OUTER_BOUND('',#170,.T.);
#86=FACE_OUTER_BOUND('',#171,.T.);
#87=FACE_OUTER_BOUND('',#172,.T.);
#88=FACE_OUTER_BOUND('',#173,.T.);
#89=FACE_OUTER_BOUND('',#174,.T.);
#90=FACE_OUTER_BOUND('',#176,.T.);
#91=FACE_OUTER_BOUND('',#177,.T.);
#92=FACE_OUTER_BOUND('',#178,.T.);
#93=FACE_OUTER_BOUND('',#179,.T.);
#94=FACE_OUTER_BOUND('',#180,.T.);
#95=FACE_OUTER_BOUND('',#181,.T.);
#96=FACE_OUTER_BOUND('',#182,.T.);
#97=FACE_OUTER_BOUND('',#183,.T.);
#98=FACE_OUTER_BOUND('',#184,.T.);
#99=FACE_OUTER_BOUND('',#185,.T.);
#100=FACE_OUTER_BOUND('',#186,.T.);
#101=FACE_OUTER_BOUND('',#187,.T.);
#102=FACE_OUTER_BOUND('',#188,.T.);
#103=FACE_OUTER_BOUND('',#189,.T.);
#104=FACE_OUTER_BOUND('',#190,.T.);
#105=FACE_OUTER_BOUND('',#191,.T.);
#106=FACE_OUTER_BOUND('',#192,.T.);
#107=EDGE_LOOP('',(#1087,#1088,#1089,#1090));
#108=EDGE_LOOP('',(#1091,#1092,#1093,#1094,#1095,#1096,#1097,#1098));
#109=EDGE_LOOP('',(#1099,#1100,#1101,#1102));
#110=EDGE_LOOP('',(#1103,#1104,#1105,#1106));
#111=EDGE_LOOP('',(#1107,#1108,#1109,#1110));
#112=EDGE_LOOP('',(#1111,#1112,#1113,#1114));
#113=EDGE_LOOP('',(#1115,#1116,#1117,#1118));
#114=EDGE_LOOP('',(#1119,#1120,#1121,#1122));
#115=EDGE_LOOP('',(#1123,#1124,#1125,#1126));
#116=EDGE_LOOP('',(#1127,#1128,#1129,#1130));
#117=EDGE_LOOP('',(#1131,#1132,#1133,#1134));
#118=EDGE_LOOP('',(#1135,#1136,#1137,#1138));
#119=EDGE_LOOP('',(#1139,#1140,#1141,#1142));
#120=EDGE_LOOP('',(#1143,#1144,#1145,#1146));
#121=EDGE_LOOP('',(#1147,#1148,#1149,#1150));
#122=EDGE_LOOP('',(#1151,#1152,#1153,#1154));
#123=EDGE_LOOP('',(#1155,#1156,#1157,#1158));
#124=EDGE_LOOP('',(#1159,#1160,#1161,#1162));
#125=EDGE_LOOP('',(#1163,#1164,#1165,#1166));
#126=EDGE_LOOP('',(#1167,#1168,#1169,#1170));
#127=EDGE_LOOP('',(#1171,#1172,#1173,#1174,#1175,#1176,#1177,#1178));
#128=EDGE_LOOP('',(#1179,#1180,#1181,#1182,#1183,#1184,#1185,#1186,#1187,
#1188,#1189,#1190,#1191,#1192,#1193,#1194,#1195,#1196,#1197,#1198,#1199,
#1200,#1201,#1202,#1203,#1204,#1205,#1206,#1207,#1208,#1209,#1210,#1211,
#1212,#1213,#1214,#1215,#1216,#1217,#1218,#1219,#1220,#1221,#1222,#1223,
#1224,#1225,#1226,#1227,#1228,#1229,#1230,#1231,#1232,#1233,#1234,#1235,
#1236,#1237,#1238,#1239,#1240,#1241,#1242,#1243,#1244,#1245,#1246,#1247,
#1248,#1249,#1250,#1251,#1252,#1253,#1254,#1255));
#129=EDGE_LOOP('',(#1256));
#130=EDGE_LOOP('',(#1257,#1258,#1259,#1260));
#131=EDGE_LOOP('',(#1261,#1262,#1263,#1264));
#132=EDGE_LOOP('',(#1265,#1266,#1267,#1268));
#133=EDGE_LOOP('',(#1269,#1270,#1271,#1272));
#134=EDGE_LOOP('',(#1273,#1274,#1275,#1276));
#135=EDGE_LOOP('',(#1277,#1278,#1279,#1280));
#136=EDGE_LOOP('',(#1281,#1282,#1283,#1284));
#137=EDGE_LOOP('',(#1285,#1286,#1287,#1288));
#138=EDGE_LOOP('',(#1289,#1290,#1291,#1292));
#139=EDGE_LOOP('',(#1293,#1294,#1295,#1296));
#140=EDGE_LOOP('',(#1297,#1298,#1299,#1300));
#141=EDGE_LOOP('',(#1301,#1302,#1303,#1304));
#142=EDGE_LOOP('',(#1305,#1306,#1307,#1308));
#143=EDGE_LOOP('',(#1309,#1310,#1311,#1312));
#144=EDGE_LOOP('',(#1313,#1314,#1315,#1316));
#145=EDGE_LOOP('',(#1317,#1318,#1319,#1320));
#146=EDGE_LOOP('',(#1321,#1322,#1323,#1324));
#147=EDGE_LOOP('',(#1325,#1326,#1327,#1328));
#148=EDGE_LOOP('',(#1329,#1330,#1331,#1332));
#149=EDGE_LOOP('',(#1333,#1334,#1335,#1336));
#150=EDGE_LOOP('',(#1337,#1338,#1339,#1340));
#151=EDGE_LOOP('',(#1341,#1342,#1343,#1344));
#152=EDGE_LOOP('',(#1345,#1346,#1347,#1348));
#153=EDGE_LOOP('',(#1349,#1350,#1351,#1352));
#154=EDGE_LOOP('',(#1353,#1354,#1355,#1356));
#155=EDGE_LOOP('',(#1357,#1358,#1359,#1360));
#156=EDGE_LOOP('',(#1361,#1362,#1363,#1364));
#157=EDGE_LOOP('',(#1365,#1366,#1367,#1368));
#158=EDGE_LOOP('',(#1369,#1370,#1371,#1372));
#159=EDGE_LOOP('',(#1373,#1374,#1375,#1376));
#160=EDGE_LOOP('',(#1377,#1378,#1379,#1380));
#161=EDGE_LOOP('',(#1381,#1382,#1383,#1384));
#162=EDGE_LOOP('',(#1385,#1386,#1387,#1388));
#163=EDGE_LOOP('',(#1389,#1390,#1391,#1392));
#164=EDGE_LOOP('',(#1393,#1394,#1395,#1396));
#165=EDGE_LOOP('',(#1397,#1398,#1399,#1400));
#166=EDGE_LOOP('',(#1401,#1402,#1403,#1404));
#167=EDGE_LOOP('',(#1405,#1406,#1407,#1408));
#168=EDGE_LOOP('',(#1409,#1410,#1411,#1412));
#169=EDGE_LOOP('',(#1413,#1414,#1415,#1416));
#170=EDGE_LOOP('',(#1417,#1418,#1419,#1420));
#171=EDGE_LOOP('',(#1421,#1422,#1423,#1424));
#172=EDGE_LOOP('',(#1425,#1426,#1427,#1428));
#173=EDGE_LOOP('',(#1429,#1430,#1431,#1432));
#174=EDGE_LOOP('',(#1433,#1434,#1435,#1436,#1437,#1438,#1439,#1440,#1441,
#1442,#1443,#1444,#1445,#1446,#1447,#1448,#1449,#1450,#1451,#1452,#1453,
#1454,#1455,#1456,#1457,#1458,#1459,#1460,#1461,#1462,#1463,#1464,#1465,
#1466,#1467,#1468,#1469,#1470,#1471,#1472,#1473,#1474,#1475,#1476,#1477,
#1478,#1479,#1480,#1481,#1482,#1483,#1484,#1485,#1486,#1487,#1488,#1489,
#1490,#1491,#1492,#1493,#1494,#1495,#1496,#1497,#1498,#1499,#1500,#1501,
#1502,#1503,#1504,#1505,#1506,#1507,#1508,#1509));
#175=EDGE_LOOP('',(#1510));
#176=EDGE_LOOP('',(#1511,#1512,#1513,#1514));
#177=EDGE_LOOP('',(#1515,#1516,#1517,#1518));
#178=EDGE_LOOP('',(#1519,#1520,#1521,#1522));
#179=EDGE_LOOP('',(#1523,#1524,#1525,#1526));
#180=EDGE_LOOP('',(#1527,#1528,#1529,#1530));
#181=EDGE_LOOP('',(#1531,#1532,#1533,#1534));
#182=EDGE_LOOP('',(#1535,#1536,#1537,#1538));
#183=EDGE_LOOP('',(#1539,#1540,#1541,#1542));
#184=EDGE_LOOP('',(#1543,#1544,#1545,#1546));
#185=EDGE_LOOP('',(#1547,#1548,#1549,#1550));
#186=EDGE_LOOP('',(#1551,#1552,#1553,#1554));
#187=EDGE_LOOP('',(#1555,#1556,#1557,#1558));
#188=EDGE_LOOP('',(#1559,#1560,#1561,#1562));
#189=EDGE_LOOP('',(#1563,#1564,#1565,#1566));
#190=EDGE_LOOP('',(#1567,#1568,#1569,#1570));
#191=EDGE_LOOP('',(#1571,#1572,#1573,#1574));
#192=EDGE_LOOP('',(#1575,#1576,#1577,#1578));
#193=LINE('',#2262,#435);
#194=LINE('',#2264,#436);
#195=LINE('',#2266,#437);
#196=LINE('',#2267,#438);
#197=LINE('',#2271,#439);
#198=LINE('',#2272,#440);
#199=LINE('',#2274,#441);
#200=LINE('',#2276,#442);
#201=LINE('',#2278,#443);
#202=LINE('',#2280,#444);
#203=LINE('',#2281,#445);
#204=LINE('',#2285,#446);
#205=LINE('',#2287,#447);
#206=LINE('',#2289,#448);
#207=LINE('',#2290,#449);
#208=LINE('',#2294,#450);
#209=LINE('',#2296,#451);
#210=LINE('',#2298,#452);
#211=LINE('',#2299,#453);
#212=LINE('',#2303,#454);
#213=LINE('',#2305,#455);
#214=LINE('',#2307,#456);
#215=LINE('',#2308,#457);
#216=LINE('',#2312,#458);
#217=LINE('',#2314,#459);
#218=LINE('',#2316,#460);
#219=LINE('',#2317,#461);
#220=LINE('',#2321,#462);
#221=LINE('',#2323,#463);
#222=LINE('',#2325,#464);
#223=LINE('',#2326,#465);
#224=LINE('',#2331,#466);
#225=LINE('',#2336,#467);
#226=LINE('',#2338,#468);
#227=LINE('',#2340,#469);
#228=LINE('',#2341,#470);
#229=LINE('',#2345,#471);
#230=LINE('',#2347,#472);
#231=LINE('',#2349,#473);
#232=LINE('',#2350,#474);
#233=LINE('',#2354,#475);
#234=LINE('',#2356,#476);
#235=LINE('',#2358,#477);
#236=LINE('',#2359,#478);
#237=LINE('',#2363,#479);
#238=LINE('',#2365,#480);
#239=LINE('',#2367,#481);
#240=LINE('',#2368,#482);
#241=LINE('',#2371,#483);
#242=LINE('',#2372,#484);
#243=LINE('',#2375,#485);
#244=LINE('',#2376,#486);
#245=LINE('',#2380,#487);
#246=LINE('',#2382,#488);
#247=LINE('',#2384,#489);
#248=LINE('',#2385,#490);
#249=LINE('',#2387,#491);
#250=LINE('',#2391,#492);
#251=LINE('',#2393,#493);
#252=LINE('',#2395,#494);
#253=LINE('',#2396,#495);
#254=LINE('',#2400,#496);
#255=LINE('',#2402,#497);
#256=LINE('',#2404,#498);
#257=LINE('',#2405,#499);
#258=LINE('',#2409,#500);
#259=LINE('',#2411,#501);
#260=LINE('',#2413,#502);
#261=LINE('',#2414,#503);
#262=LINE('',#2417,#504);
#263=LINE('',#2419,#505);
#264=LINE('',#2420,#506);
#265=LINE('',#2423,#507);
#266=LINE('',#2425,#508);
#267=LINE('',#2426,#509);
#268=LINE('',#2430,#510);
#269=LINE('',#2431,#511);
#270=LINE('',#2433,#512);
#271=LINE('',#2435,#513);
#272=LINE('',#2436,#514);
#273=LINE('',#2438,#515);
#274=LINE('',#2440,#516);
#275=LINE('',#2441,#517);
#276=LINE('',#2442,#518);
#277=LINE('',#2464,#519);
#278=LINE('',#2466,#520);
#279=LINE('',#2468,#521);
#280=LINE('',#2470,#522);
#281=LINE('',#2472,#523);
#282=LINE('',#2474,#524);
#283=LINE('',#2475,#525);
#284=LINE('',#2477,#526);
#285=LINE('',#2479,#527);
#286=LINE('',#2480,#528);
#287=LINE('',#2482,#529);
#288=LINE('',#2484,#530);
#289=LINE('',#2485,#531);
#290=LINE('',#2487,#532);
#291=LINE('',#2489,#533);
#292=LINE('',#2490,#534);
#293=LINE('',#2492,#535);
#294=LINE('',#2494,#536);
#295=LINE('',#2496,#537);
#296=LINE('',#2498,#538);
#297=LINE('',#2500,#539);
#298=LINE('',#2502,#540);
#299=LINE('',#2503,#541);
#300=LINE('',#2505,#542);
#301=LINE('',#2507,#543);
#302=LINE('',#2508,#544);
#303=LINE('',#2510,#545);
#304=LINE('',#2512,#546);
#305=LINE('',#2513,#547);
#306=LINE('',#2515,#548);
#307=LINE('',#2517,#549);
#308=LINE('',#2518,#550);
#309=LINE('',#2520,#551);
#310=LINE('',#2522,#552);
#311=LINE('',#2524,#553);
#312=LINE('',#2526,#554);
#313=LINE('',#2528,#555);
#314=LINE('',#2530,#556);
#315=LINE('',#2531,#557);
#316=LINE('',#2533,#558);
#317=LINE('',#2535,#559);
#318=LINE('',#2537,#560);
#319=LINE('',#2539,#561);
#320=LINE('',#2541,#562);
#321=LINE('',#2543,#563);
#322=LINE('',#2545,#564);
#323=LINE('',#2547,#565);
#324=LINE('',#2548,#566);
#325=LINE('',#2550,#567);
#326=LINE('',#2552,#568);
#327=LINE('',#2553,#569);
#328=LINE('',#2555,#570);
#329=LINE('',#2558,#571);
#330=LINE('',#2559,#572);
#331=LINE('',#2562,#573);
#332=LINE('',#2563,#574);
#333=LINE('',#2565,#575);
#334=LINE('',#2568,#576);
#335=LINE('',#2569,#577);
#336=LINE('',#2572,#578);
#337=LINE('',#2573,#579);
#338=LINE('',#2576,#580);
#339=LINE('',#2577,#581);
#340=LINE('',#2580,#582);
#341=LINE('',#2581,#583);
#342=LINE('',#2583,#584);
#343=LINE('',#2586,#585);
#344=LINE('',#2587,#586);
#345=LINE('',#2590,#587);
#346=LINE('',#2591,#588);
#347=LINE('',#2593,#589);
#348=LINE('',#2596,#590);
#349=LINE('',#2597,#591);
#350=LINE('',#2600,#592);
#351=LINE('',#2601,#593);
#352=LINE('',#2603,#594);
#353=LINE('',#2606,#595);
#354=LINE('',#2607,#596);
#355=LINE('',#2610,#597);
#356=LINE('',#2611,#598);
#357=LINE('',#2613,#599);
#358=LINE('',#2616,#600);
#359=LINE('',#2617,#601);
#360=LINE('',#2620,#602);
#361=LINE('',#2621,#603);
#362=LINE('',#2624,#604);
#363=LINE('',#2626,#605);
#364=LINE('',#2627,#606);
#365=LINE('',#2630,#607);
#366=LINE('',#2632,#608);
#367=LINE('',#2633,#609);
#368=LINE('',#2635,#610);
#369=LINE('',#2638,#611);
#370=LINE('',#2640,#612);
#371=LINE('',#2641,#613);
#372=LINE('',#2644,#614);
#373=LINE('',#2645,#615);
#374=LINE('',#2648,#616);
#375=LINE('',#2649,#617);
#376=LINE('',#2652,#618);
#377=LINE('',#2653,#619);
#378=LINE('',#2656,#620);
#379=LINE('',#2657,#621);
#380=LINE('',#2660,#622);
#381=LINE('',#2661,#623);
#382=LINE('',#2663,#624);
#383=LINE('',#2666,#625);
#384=LINE('',#2667,#626);
#385=LINE('',#2670,#627);
#386=LINE('',#2671,#628);
#387=LINE('',#2673,#629);
#388=LINE('',#2676,#630);
#389=LINE('',#2677,#631);
#390=LINE('',#2680,#632);
#391=LINE('',#2681,#633);
#392=LINE('',#2683,#634);
#393=LINE('',#2686,#635);
#394=LINE('',#2687,#636);
#395=LINE('',#2690,#637);
#396=LINE('',#2691,#638);
#397=LINE('',#2694,#639);
#398=LINE('',#2695,#640);
#399=LINE('',#2698,#641);
#400=LINE('',#2699,#642);
#401=LINE('',#2703,#643);
#402=LINE('',#2704,#644);
#403=LINE('',#2705,#645);
#404=LINE('',#2708,#646);
#405=LINE('',#2709,#647);
#406=LINE('',#2712,#648);
#407=LINE('',#2713,#649);
#408=LINE('',#2715,#650);
#409=LINE('',#2718,#651);
#410=LINE('',#2720,#652);
#411=LINE('',#2721,#653);
#412=LINE('',#2723,#654);
#413=LINE('',#2725,#655);
#414=LINE('',#2726,#656);
#415=LINE('',#2728,#657);
#416=LINE('',#2730,#658);
#417=LINE('',#2731,#659);
#418=LINE('',#2733,#660);
#419=LINE('',#2734,#661);
#420=LINE('',#2736,#662);
#421=LINE('',#2738,#663);
#422=LINE('',#2739,#664);
#423=LINE('',#2741,#665);
#424=LINE('',#2742,#666);
#425=LINE('',#2763,#667);
#426=LINE('',#2766,#668);
#427=LINE('',#2768,#669);
#428=LINE('',#2771,#670);
#429=LINE('',#2774,#671);
#430=LINE('',#2776,#672);
#431=LINE('',#2779,#673);
#432=LINE('',#2781,#674);
#433=LINE('',#2784,#675);
#434=LINE('',#2786,#676);
#435=VECTOR('',#1848,10.);
#436=VECTOR('',#1849,10.);
#437=VECTOR('',#1850,10.);
#438=VECTOR('',#1851,10.);
#439=VECTOR('',#1854,10.);
#440=VECTOR('',#1855,10.);
#441=VECTOR('',#1856,10.);
#442=VECTOR('',#1857,10.);
#443=VECTOR('',#1858,10.);
#444=VECTOR('',#1859,10.);
#445=VECTOR('',#1860,10.);
#446=VECTOR('',#1863,10.);
#447=VECTOR('',#1864,10.);
#448=VECTOR('',#1865,10.);
#449=VECTOR('',#1866,10.);
#450=VECTOR('',#1869,10.);
#451=VECTOR('',#1870,10.);
#452=VECTOR('',#1871,10.);
#453=VECTOR('',#1872,10.);
#454=VECTOR('',#1875,10.);
#455=VECTOR('',#1876,10.);
#456=VECTOR('',#1877,10.);
#457=VECTOR('',#1878,10.);
#458=VECTOR('',#1881,10.);
#459=VECTOR('',#1882,10.);
#460=VECTOR('',#1883,10.);
#461=VECTOR('',#1884,10.);
#462=VECTOR('',#1887,10.);
#463=VECTOR('',#1888,10.);
#464=VECTOR('',#1889,10.);
#465=VECTOR('',#1890,10.);
#466=VECTOR('',#1895,10.);
#467=VECTOR('',#1900,10.);
#468=VECTOR('',#1901,10.);
#469=VECTOR('',#1902,10.);
#470=VECTOR('',#1903,10.);
#471=VECTOR('',#1906,10.);
#472=VECTOR('',#1907,10.);
#473=VECTOR('',#1908,10.);
#474=VECTOR('',#1909,10.);
#475=VECTOR('',#1912,10.);
#476=VECTOR('',#1913,10.);
#477=VECTOR('',#1914,10.);
#478=VECTOR('',#1915,10.);
#479=VECTOR('',#1918,10.);
#480=VECTOR('',#1919,10.);
#481=VECTOR('',#1920,10.);
#482=VECTOR('',#1921,10.);
#483=VECTOR('',#1924,10.);
#484=VECTOR('',#1925,10.);
#485=VECTOR('',#1928,10.);
#486=VECTOR('',#1929,10.);
#487=VECTOR('',#1932,10.);
#488=VECTOR('',#1933,10.);
#489=VECTOR('',#1934,10.);
#490=VECTOR('',#1935,10.);
#491=VECTOR('',#1938,10.);
#492=VECTOR('',#1941,10.);
#493=VECTOR('',#1942,10.);
#494=VECTOR('',#1943,10.);
#495=VECTOR('',#1944,10.);
#496=VECTOR('',#1947,10.);
#497=VECTOR('',#1948,10.);
#498=VECTOR('',#1949,10.);
#499=VECTOR('',#1950,10.);
#500=VECTOR('',#1953,10.);
#501=VECTOR('',#1954,10.);
#502=VECTOR('',#1955,10.);
#503=VECTOR('',#1956,10.);
#504=VECTOR('',#1959,10.);
#505=VECTOR('',#1960,10.);
#506=VECTOR('',#1961,10.);
#507=VECTOR('',#1964,10.);
#508=VECTOR('',#1965,10.);
#509=VECTOR('',#1966,10.);
#510=VECTOR('',#1969,10.);
#511=VECTOR('',#1970,10.);
#512=VECTOR('',#1971,10.);
#513=VECTOR('',#1972,10.);
#514=VECTOR('',#1973,10.);
#515=VECTOR('',#1974,10.);
#516=VECTOR('',#1975,10.);
#517=VECTOR('',#1976,10.);
#518=VECTOR('',#1977,10.);
#519=VECTOR('',#1978,10.);
#520=VECTOR('',#1979,10.);
#521=VECTOR('',#1980,10.);
#522=VECTOR('',#1981,10.);
#523=VECTOR('',#1982,10.);
#524=VECTOR('',#1983,10.);
#525=VECTOR('',#1984,10.);
#526=VECTOR('',#1985,10.);
#527=VECTOR('',#1986,10.);
#528=VECTOR('',#1987,10.);
#529=VECTOR('',#1988,10.);
#530=VECTOR('',#1989,10.);
#531=VECTOR('',#1990,10.);
#532=VECTOR('',#1991,10.);
#533=VECTOR('',#1992,10.);
#534=VECTOR('',#1993,10.);
#535=VECTOR('',#1994,10.);
#536=VECTOR('',#1995,10.);
#537=VECTOR('',#1996,10.);
#538=VECTOR('',#1997,10.);
#539=VECTOR('',#1998,10.);
#540=VECTOR('',#1999,10.);
#541=VECTOR('',#2000,10.);
#542=VECTOR('',#2001,10.);
#543=VECTOR('',#2002,10.);
#544=VECTOR('',#2003,10.);
#545=VECTOR('',#2004,10.);
#546=VECTOR('',#2005,10.);
#547=VECTOR('',#2006,10.);
#548=VECTOR('',#2007,10.);
#549=VECTOR('',#2008,10.);
#550=VECTOR('',#2009,10.);
#551=VECTOR('',#2010,10.);
#552=VECTOR('',#2011,10.);
#553=VECTOR('',#2012,10.);
#554=VECTOR('',#2013,10.);
#555=VECTOR('',#2014,10.);
#556=VECTOR('',#2015,10.);
#557=VECTOR('',#2016,10.);
#558=VECTOR('',#2017,10.);
#559=VECTOR('',#2018,10.);
#560=VECTOR('',#2019,10.);
#561=VECTOR('',#2020,10.);
#562=VECTOR('',#2021,10.);
#563=VECTOR('',#2022,10.);
#564=VECTOR('',#2023,10.);
#565=VECTOR('',#2024,10.);
#566=VECTOR('',#2025,10.);
#567=VECTOR('',#2026,10.);
#568=VECTOR('',#2027,10.);
#569=VECTOR('',#2028,10.);
#570=VECTOR('',#2031,10.);
#571=VECTOR('',#2034,10.);
#572=VECTOR('',#2035,10.);
#573=VECTOR('',#2038,10.);
#574=VECTOR('',#2039,10.);
#575=VECTOR('',#2042,10.);
#576=VECTOR('',#2045,10.);
#577=VECTOR('',#2046,10.);
#578=VECTOR('',#2049,10.);
#579=VECTOR('',#2050,10.);
#580=VECTOR('',#2053,10.);
#581=VECTOR('',#2054,10.);
#582=VECTOR('',#2057,10.);
#583=VECTOR('',#2058,10.);
#584=VECTOR('',#2061,10.);
#585=VECTOR('',#2064,10.);
#586=VECTOR('',#2065,10.);
#587=VECTOR('',#2068,10.);
#588=VECTOR('',#2069,10.);
#589=VECTOR('',#2072,10.);
#590=VECTOR('',#2075,10.);
#591=VECTOR('',#2076,10.);
#592=VECTOR('',#2079,10.);
#593=VECTOR('',#2080,10.);
#594=VECTOR('',#2083,10.);
#595=VECTOR('',#2086,10.);
#596=VECTOR('',#2087,10.);
#597=VECTOR('',#2090,10.);
#598=VECTOR('',#2091,10.);
#599=VECTOR('',#2094,10.);
#600=VECTOR('',#2097,10.);
#601=VECTOR('',#2098,10.);
#602=VECTOR('',#2101,10.);
#603=VECTOR('',#2102,10.);
#604=VECTOR('',#2105,10.);
#605=VECTOR('',#2106,10.);
#606=VECTOR('',#2107,10.);
#607=VECTOR('',#2110,10.);
#608=VECTOR('',#2111,10.);
#609=VECTOR('',#2112,10.);
#610=VECTOR('',#2115,10.);
#611=VECTOR('',#2118,10.);
#612=VECTOR('',#2119,10.);
#613=VECTOR('',#2120,10.);
#614=VECTOR('',#2123,10.);
#615=VECTOR('',#2124,10.);
#616=VECTOR('',#2127,10.);
#617=VECTOR('',#2128,10.);
#618=VECTOR('',#2131,10.);
#619=VECTOR('',#2132,10.);
#620=VECTOR('',#2135,10.);
#621=VECTOR('',#2136,10.);
#622=VECTOR('',#2139,10.);
#623=VECTOR('',#2140,10.);
#624=VECTOR('',#2143,10.);
#625=VECTOR('',#2146,10.);
#626=VECTOR('',#2147,10.);
#627=VECTOR('',#2150,10.);
#628=VECTOR('',#2151,10.);
#629=VECTOR('',#2154,10.);
#630=VECTOR('',#2157,10.);
#631=VECTOR('',#2158,10.);
#632=VECTOR('',#2161,10.);
#633=VECTOR('',#2162,10.);
#634=VECTOR('',#2165,10.);
#635=VECTOR('',#2168,10.);
#636=VECTOR('',#2169,10.);
#637=VECTOR('',#2172,10.);
#638=VECTOR('',#2173,10.);
#639=VECTOR('',#2176,10.);
#640=VECTOR('',#2177,10.);
#641=VECTOR('',#2180,10.);
#642=VECTOR('',#2181,10.);
#643=VECTOR('',#2184,10.);
#644=VECTOR('',#2185,10.);
#645=VECTOR('',#2186,10.);
#646=VECTOR('',#2189,10.);
#647=VECTOR('',#2190,10.);
#648=VECTOR('',#2193,10.);
#649=VECTOR('',#2194,10.);
#650=VECTOR('',#2197,10.);
#651=VECTOR('',#2200,10.);
#652=VECTOR('',#2201,10.);
#653=VECTOR('',#2202,10.);
#654=VECTOR('',#2203,10.);
#655=VECTOR('',#2204,10.);
#656=VECTOR('',#2205,10.);
#657=VECTOR('',#2206,10.);
#658=VECTOR('',#2207,10.);
#659=VECTOR('',#2208,10.);
#660=VECTOR('',#2209,10.);
#661=VECTOR('',#2210,10.);
#662=VECTOR('',#2211,10.);
#663=VECTOR('',#2212,10.);
#664=VECTOR('',#2213,10.);
#665=VECTOR('',#2214,10.);
#666=VECTOR('',#2215,10.);
#667=VECTOR('',#2218,10.);
#668=VECTOR('',#2223,10.);
#669=VECTOR('',#2226,10.);
#670=VECTOR('',#2231,10.);
#671=VECTOR('',#2236,10.);
#672=VECTOR('',#2239,10.);
#673=VECTOR('',#2244,10.);
#674=VECTOR('',#2247,10.);
#675=VECTOR('',#2252,10.);
#676=VECTOR('',#2255,10.);
#677=VERTEX_POINT('',#2260);
#678=VERTEX_POINT('',#2261);
#679=VERTEX_POINT('',#2263);
#680=VERTEX_POINT('',#2265);
#681=VERTEX_POINT('',#2269);
#682=VERTEX_POINT('',#2270);
#683=VERTEX_POINT('',#2273);
#684=VERTEX_POINT('',#2275);
#685=VERTEX_POINT('',#2277);
#686=VERTEX_POINT('',#2279);
#687=VERTEX_POINT('',#2283);
#688=VERTEX_POINT('',#2284);
#689=VERTEX_POINT('',#2286);
#690=VERTEX_POINT('',#2288);
#691=VERTEX_POINT('',#2292);
#692=VERTEX_POINT('',#2293);
#693=VERTEX_POINT('',#2295);
#694=VERTEX_POINT('',#2297);
#695=VERTEX_POINT('',#2301);
#696=VERTEX_POINT('',#2302);
#697=VERTEX_POINT('',#2304);
#698=VERTEX_POINT('',#2306);
#699=VERTEX_POINT('',#2310);
#700=VERTEX_POINT('',#2311);
#701=VERTEX_POINT('',#2313);
#702=VERTEX_POINT('',#2315);
#703=VERTEX_POINT('',#2319);
#704=VERTEX_POINT('',#2320);
#705=VERTEX_POINT('',#2322);
#706=VERTEX_POINT('',#2324);
#707=VERTEX_POINT('',#2328);
#708=VERTEX_POINT('',#2330);
#709=VERTEX_POINT('',#2334);
#710=VERTEX_POINT('',#2335);
#711=VERTEX_POINT('',#2337);
#712=VERTEX_POINT('',#2339);
#713=VERTEX_POINT('',#2343);
#714=VERTEX_POINT('',#2344);
#715=VERTEX_POINT('',#2346);
#716=VERTEX_POINT('',#2348);
#717=VERTEX_POINT('',#2352);
#718=VERTEX_POINT('',#2353);
#719=VERTEX_POINT('',#2355);
#720=VERTEX_POINT('',#2357);
#721=VERTEX_POINT('',#2361);
#722=VERTEX_POINT('',#2362);
#723=VERTEX_POINT('',#2364);
#724=VERTEX_POINT('',#2366);
#725=VERTEX_POINT('',#2370);
#726=VERTEX_POINT('',#2374);
#727=VERTEX_POINT('',#2378);
#728=VERTEX_POINT('',#2379);
#729=VERTEX_POINT('',#2381);
#730=VERTEX_POINT('',#2383);
#731=VERTEX_POINT('',#2389);
#732=VERTEX_POINT('',#2390);
#733=VERTEX_POINT('',#2392);
#734=VERTEX_POINT('',#2394);
#735=VERTEX_POINT('',#2398);
#736=VERTEX_POINT('',#2399);
#737=VERTEX_POINT('',#2401);
#738=VERTEX_POINT('',#2403);
#739=VERTEX_POINT('',#2407);
#740=VERTEX_POINT('',#2408);
#741=VERTEX_POINT('',#2410);
#742=VERTEX_POINT('',#2412);
#743=VERTEX_POINT('',#2416);
#744=VERTEX_POINT('',#2418);
#745=VERTEX_POINT('',#2422);
#746=VERTEX_POINT('',#2424);
#747=VERTEX_POINT('',#2428);
#748=VERTEX_POINT('',#2429);
#749=VERTEX_POINT('',#2432);
#750=VERTEX_POINT('',#2434);
#751=VERTEX_POINT('',#2437);
#752=VERTEX_POINT('',#2439);
#753=VERTEX_POINT('',#2443);
#754=VERTEX_POINT('',#2463);
#755=VERTEX_POINT('',#2465);
#756=VERTEX_POINT('',#2467);
#757=VERTEX_POINT('',#2469);
#758=VERTEX_POINT('',#2471);
#759=VERTEX_POINT('',#2473);
#760=VERTEX_POINT('',#2476);
#761=VERTEX_POINT('',#2478);
#762=VERTEX_POINT('',#2481);
#763=VERTEX_POINT('',#2483);
#764=VERTEX_POINT('',#2486);
#765=VERTEX_POINT('',#2488);
#766=VERTEX_POINT('',#2491);
#767=VERTEX_POINT('',#2493);
#768=VERTEX_POINT('',#2495);
#769=VERTEX_POINT('',#2497);
#770=VERTEX_POINT('',#2499);
#771=VERTEX_POINT('',#2501);
#772=VERTEX_POINT('',#2504);
#773=VERTEX_POINT('',#2506);
#774=VERTEX_POINT('',#2509);
#775=VERTEX_POINT('',#2511);
#776=VERTEX_POINT('',#2514);
#777=VERTEX_POINT('',#2516);
#778=VERTEX_POINT('',#2519);
#779=VERTEX_POINT('',#2521);
#780=VERTEX_POINT('',#2523);
#781=VERTEX_POINT('',#2525);
#782=VERTEX_POINT('',#2527);
#783=VERTEX_POINT('',#2529);
#784=VERTEX_POINT('',#2532);
#785=VERTEX_POINT('',#2534);
#786=VERTEX_POINT('',#2536);
#787=VERTEX_POINT('',#2538);
#788=VERTEX_POINT('',#2540);
#789=VERTEX_POINT('',#2542);
#790=VERTEX_POINT('',#2544);
#791=VERTEX_POINT('',#2546);
#792=VERTEX_POINT('',#2549);
#793=VERTEX_POINT('',#2551);
#794=VERTEX_POINT('',#2557);
#795=VERTEX_POINT('',#2561);
#796=VERTEX_POINT('',#2567);
#797=VERTEX_POINT('',#2571);
#798=VERTEX_POINT('',#2575);
#799=VERTEX_POINT('',#2579);
#800=VERTEX_POINT('',#2585);
#801=VERTEX_POINT('',#2589);
#802=VERTEX_POINT('',#2595);
#803=VERTEX_POINT('',#2599);
#804=VERTEX_POINT('',#2605);
#805=VERTEX_POINT('',#2609);
#806=VERTEX_POINT('',#2615);
#807=VERTEX_POINT('',#2619);
#808=VERTEX_POINT('',#2623);
#809=VERTEX_POINT('',#2625);
#810=VERTEX_POINT('',#2629);
#811=VERTEX_POINT('',#2631);
#812=VERTEX_POINT('',#2637);
#813=VERTEX_POINT('',#2639);
#814=VERTEX_POINT('',#2643);
#815=VERTEX_POINT('',#2647);
#816=VERTEX_POINT('',#2651);
#817=VERTEX_POINT('',#2655);
#818=VERTEX_POINT('',#2659);
#819=VERTEX_POINT('',#2665);
#820=VERTEX_POINT('',#2669);
#821=VERTEX_POINT('',#2675);
#822=VERTEX_POINT('',#2679);
#823=VERTEX_POINT('',#2685);
#824=VERTEX_POINT('',#2689);
#825=VERTEX_POINT('',#2693);
#826=VERTEX_POINT('',#2697);
#827=VERTEX_POINT('',#2701);
#828=VERTEX_POINT('',#2702);
#829=VERTEX_POINT('',#2707);
#830=VERTEX_POINT('',#2711);
#831=VERTEX_POINT('',#2717);
#832=VERTEX_POINT('',#2719);
#833=VERTEX_POINT('',#2722);
#834=VERTEX_POINT('',#2724);
#835=VERTEX_POINT('',#2727);
#836=VERTEX_POINT('',#2729);
#837=VERTEX_POINT('',#2732);
#838=VERTEX_POINT('',#2735);
#839=VERTEX_POINT('',#2737);
#840=VERTEX_POINT('',#2740);
#841=EDGE_CURVE('',#677,#678,#193,.T.);
#842=EDGE_CURVE('',#679,#677,#194,.T.);
#843=EDGE_CURVE('',#680,#679,#195,.T.);
#844=EDGE_CURVE('',#678,#680,#196,.T.);
#845=EDGE_CURVE('',#681,#682,#197,.T.);
#846=EDGE_CURVE('',#679,#681,#198,.T.);
#847=EDGE_CURVE('',#683,#677,#199,.T.);
#848=EDGE_CURVE('',#684,#683,#200,.T.);
#849=EDGE_CURVE('',#685,#684,#201,.T.);
#850=EDGE_CURVE('',#686,#685,#202,.T.);
#851=EDGE_CURVE('',#682,#686,#203,.T.);
#852=EDGE_CURVE('',#687,#688,#204,.T.);
#853=EDGE_CURVE('',#689,#687,#205,.T.);
#854=EDGE_CURVE('',#690,#689,#206,.T.);
#855=EDGE_CURVE('',#688,#690,#207,.T.);
#856=EDGE_CURVE('',#691,#692,#208,.T.);
#857=EDGE_CURVE('',#693,#691,#209,.T.);
#858=EDGE_CURVE('',#694,#693,#210,.T.);
#859=EDGE_CURVE('',#692,#694,#211,.T.);
#860=EDGE_CURVE('',#695,#696,#212,.T.);
#861=EDGE_CURVE('',#697,#695,#213,.T.);
#862=EDGE_CURVE('',#698,#697,#214,.T.);
#863=EDGE_CURVE('',#696,#698,#215,.T.);
#864=EDGE_CURVE('',#699,#700,#216,.T.);
#865=EDGE_CURVE('',#701,#699,#217,.T.);
#866=EDGE_CURVE('',#702,#701,#218,.T.);
#867=EDGE_CURVE('',#700,#702,#219,.T.);
#868=EDGE_CURVE('',#703,#704,#220,.T.);
#869=EDGE_CURVE('',#705,#703,#221,.T.);
#870=EDGE_CURVE('',#706,#705,#222,.T.);
#871=EDGE_CURVE('',#704,#706,#223,.T.);
#872=EDGE_CURVE('',#707,#707,#20,.T.);
#873=EDGE_CURVE('',#707,#708,#224,.T.);
#874=EDGE_CURVE('',#708,#708,#21,.T.);
#875=EDGE_CURVE('',#709,#710,#225,.T.);
#876=EDGE_CURVE('',#711,#709,#226,.T.);
#877=EDGE_CURVE('',#712,#711,#227,.T.);
#878=EDGE_CURVE('',#710,#712,#228,.T.);
#879=EDGE_CURVE('',#713,#714,#229,.T.);
#880=EDGE_CURVE('',#715,#713,#230,.T.);
#881=EDGE_CURVE('',#716,#715,#231,.T.);
#882=EDGE_CURVE('',#714,#716,#232,.T.);
#883=EDGE_CURVE('',#717,#718,#233,.T.);
#884=EDGE_CURVE('',#719,#717,#234,.T.);
#885=EDGE_CURVE('',#720,#719,#235,.T.);
#886=EDGE_CURVE('',#718,#720,#236,.T.);
#887=EDGE_CURVE('',#721,#722,#237,.T.);
#888=EDGE_CURVE('',#723,#721,#238,.T.);
#889=EDGE_CURVE('',#724,#723,#239,.T.);
#890=EDGE_CURVE('',#722,#724,#240,.T.);
#891=EDGE_CURVE('',#725,#678,#241,.T.);
#892=EDGE_CURVE('',#683,#725,#242,.T.);
#893=EDGE_CURVE('',#726,#680,#243,.T.);
#894=EDGE_CURVE('',#725,#726,#244,.T.);
#895=EDGE_CURVE('',#727,#728,#245,.T.);
#896=EDGE_CURVE('',#729,#727,#246,.T.);
#897=EDGE_CURVE('',#730,#729,#247,.T.);
#898=EDGE_CURVE('',#728,#730,#248,.T.);
#899=EDGE_CURVE('',#726,#681,#249,.T.);
#900=EDGE_CURVE('',#731,#732,#250,.T.);
#901=EDGE_CURVE('',#733,#731,#251,.T.);
#902=EDGE_CURVE('',#734,#733,#252,.T.);
#903=EDGE_CURVE('',#732,#734,#253,.T.);
#904=EDGE_CURVE('',#735,#736,#254,.T.);
#905=EDGE_CURVE('',#737,#735,#255,.T.);
#906=EDGE_CURVE('',#738,#737,#256,.T.);
#907=EDGE_CURVE('',#736,#738,#257,.T.);
#908=EDGE_CURVE('',#739,#740,#258,.T.);
#909=EDGE_CURVE('',#741,#739,#259,.T.);
#910=EDGE_CURVE('',#742,#741,#260,.T.);
#911=EDGE_CURVE('',#740,#742,#261,.T.);
#912=EDGE_CURVE('',#686,#743,#262,.T.);
#913=EDGE_CURVE('',#744,#685,#263,.T.);
#914=EDGE_CURVE('',#743,#744,#264,.T.);
#915=EDGE_CURVE('',#745,#682,#265,.T.);
#916=EDGE_CURVE('',#746,#745,#266,.T.);
#917=EDGE_CURVE('',#684,#746,#267,.T.);
#918=EDGE_CURVE('',#747,#748,#268,.T.);
#919=EDGE_CURVE('',#723,#747,#269,.T.);
#920=EDGE_CURVE('',#749,#721,#270,.T.);
#921=EDGE_CURVE('',#750,#749,#271,.T.);
#922=EDGE_CURVE('',#730,#750,#272,.T.);
#923=EDGE_CURVE('',#751,#729,#273,.T.);
#924=EDGE_CURVE('',#752,#751,#274,.T.);
#925=EDGE_CURVE('',#734,#752,#275,.T.);
#926=EDGE_CURVE('',#744,#733,#276,.T.);
#927=EDGE_CURVE('',#746,#753,#18,.T.);
#928=EDGE_CURVE('',#754,#753,#277,.T.);
#929=EDGE_CURVE('',#755,#754,#278,.T.);
#930=EDGE_CURVE('',#756,#755,#279,.T.);
#931=EDGE_CURVE('',#757,#756,#280,.T.);
#932=EDGE_CURVE('',#758,#757,#281,.T.);
#933=EDGE_CURVE('',#759,#758,#282,.T.);
#934=EDGE_CURVE('',#689,#759,#283,.T.);
#935=EDGE_CURVE('',#760,#687,#284,.T.);
#936=EDGE_CURVE('',#761,#760,#285,.T.);
#937=EDGE_CURVE('',#693,#761,#286,.T.);
#938=EDGE_CURVE('',#762,#691,#287,.T.);
#939=EDGE_CURVE('',#763,#762,#288,.T.);
#940=EDGE_CURVE('',#697,#763,#289,.T.);
#941=EDGE_CURVE('',#764,#695,#290,.T.);
#942=EDGE_CURVE('',#765,#764,#291,.T.);
#943=EDGE_CURVE('',#701,#765,#292,.T.);
#944=EDGE_CURVE('',#766,#699,#293,.T.);
#945=EDGE_CURVE('',#767,#766,#294,.T.);
#946=EDGE_CURVE('',#768,#767,#295,.T.);
#947=EDGE_CURVE('',#769,#768,#296,.T.);
#948=EDGE_CURVE('',#770,#769,#297,.T.);
#949=EDGE_CURVE('',#771,#770,#298,.T.);
#950=EDGE_CURVE('',#706,#771,#299,.T.);
#951=EDGE_CURVE('',#772,#705,#300,.T.);
#952=EDGE_CURVE('',#773,#772,#301,.T.);
#953=EDGE_CURVE('',#711,#773,#302,.T.);
#954=EDGE_CURVE('',#774,#709,#303,.T.);
#955=EDGE_CURVE('',#775,#774,#304,.T.);
#956=EDGE_CURVE('',#715,#775,#305,.T.);
#957=EDGE_CURVE('',#776,#713,#306,.T.);
#958=EDGE_CURVE('',#777,#776,#307,.T.);
#959=EDGE_CURVE('',#719,#777,#308,.T.);
#960=EDGE_CURVE('',#778,#717,#309,.T.);
#961=EDGE_CURVE('',#779,#778,#310,.T.);
#962=EDGE_CURVE('',#780,#779,#311,.T.);
#963=EDGE_CURVE('',#781,#780,#312,.T.);
#964=EDGE_CURVE('',#782,#781,#313,.T.);
#965=EDGE_CURVE('',#783,#782,#314,.T.);
#966=EDGE_CURVE('',#737,#783,#315,.T.);
#967=EDGE_CURVE('',#784,#735,#316,.T.);
#968=EDGE_CURVE('',#785,#784,#317,.T.);
#969=EDGE_CURVE('',#786,#785,#318,.T.);
#970=EDGE_CURVE('',#787,#786,#319,.T.);
#971=EDGE_CURVE('',#788,#787,#320,.T.);
#972=EDGE_CURVE('',#789,#788,#321,.T.);
#973=EDGE_CURVE('',#790,#789,#322,.T.);
#974=EDGE_CURVE('',#791,#790,#323,.T.);
#975=EDGE_CURVE('',#741,#791,#324,.T.);
#976=EDGE_CURVE('',#792,#739,#325,.T.);
#977=EDGE_CURVE('',#793,#792,#326,.T.);
#978=EDGE_CURVE('',#748,#793,#327,.T.);
#979=EDGE_CURVE('',#743,#731,#328,.T.);
#980=EDGE_CURVE('',#732,#794,#329,.T.);
#981=EDGE_CURVE('',#794,#752,#330,.T.);
#982=EDGE_CURVE('',#795,#727,#331,.T.);
#983=EDGE_CURVE('',#751,#795,#332,.T.);
#984=EDGE_CURVE('',#794,#795,#333,.T.);
#985=EDGE_CURVE('',#724,#796,#334,.T.);
#986=EDGE_CURVE('',#796,#747,#335,.T.);
#987=EDGE_CURVE('',#796,#797,#336,.T.);
#988=EDGE_CURVE('',#797,#748,#337,.T.);
#989=EDGE_CURVE('',#728,#798,#338,.T.);
#990=EDGE_CURVE('',#798,#750,#339,.T.);
#991=EDGE_CURVE('',#798,#799,#340,.T.);
#992=EDGE_CURVE('',#799,#749,#341,.T.);
#993=EDGE_CURVE('',#799,#722,#342,.T.);
#994=EDGE_CURVE('',#800,#703,#343,.T.);
#995=EDGE_CURVE('',#772,#800,#344,.T.);
#996=EDGE_CURVE('',#712,#801,#345,.T.);
#997=EDGE_CURVE('',#801,#773,#346,.T.);
#998=EDGE_CURVE('',#801,#800,#347,.T.);
#999=EDGE_CURVE('',#802,#710,#348,.T.);
#1000=EDGE_CURVE('',#774,#802,#349,.T.);
#1001=EDGE_CURVE('',#716,#803,#350,.T.);
#1002=EDGE_CURVE('',#803,#775,#351,.T.);
#1003=EDGE_CURVE('',#803,#802,#352,.T.);
#1004=EDGE_CURVE('',#804,#714,#353,.T.);
#1005=EDGE_CURVE('',#776,#804,#354,.T.);
#1006=EDGE_CURVE('',#720,#805,#355,.T.);
#1007=EDGE_CURVE('',#805,#777,#356,.T.);
#1008=EDGE_CURVE('',#805,#804,#357,.T.);
#1009=EDGE_CURVE('',#738,#806,#358,.T.);
#1010=EDGE_CURVE('',#806,#783,#359,.T.);
#1011=EDGE_CURVE('',#806,#807,#360,.T.);
#1012=EDGE_CURVE('',#807,#782,#361,.T.);
#1013=EDGE_CURVE('',#789,#808,#362,.T.);
#1014=EDGE_CURVE('',#809,#788,#363,.T.);
#1015=EDGE_CURVE('',#808,#809,#364,.T.);
#1016=EDGE_CURVE('',#785,#810,#365,.T.);
#1017=EDGE_CURVE('',#811,#784,#366,.T.);
#1018=EDGE_CURVE('',#810,#811,#367,.T.);
#1019=EDGE_CURVE('',#811,#736,#368,.T.);
#1020=EDGE_CURVE('',#780,#812,#369,.T.);
#1021=EDGE_CURVE('',#813,#779,#370,.T.);
#1022=EDGE_CURVE('',#812,#813,#371,.T.);
#1023=EDGE_CURVE('',#778,#814,#372,.T.);
#1024=EDGE_CURVE('',#814,#718,#373,.T.);
#1025=EDGE_CURVE('',#690,#815,#374,.T.);
#1026=EDGE_CURVE('',#815,#759,#375,.T.);
#1027=EDGE_CURVE('',#815,#816,#376,.T.);
#1028=EDGE_CURVE('',#816,#758,#377,.T.);
#1029=EDGE_CURVE('',#817,#688,#378,.T.);
#1030=EDGE_CURVE('',#760,#817,#379,.T.);
#1031=EDGE_CURVE('',#694,#818,#380,.T.);
#1032=EDGE_CURVE('',#818,#761,#381,.T.);
#1033=EDGE_CURVE('',#818,#817,#382,.T.);
#1034=EDGE_CURVE('',#819,#692,#383,.T.);
#1035=EDGE_CURVE('',#762,#819,#384,.T.);
#1036=EDGE_CURVE('',#698,#820,#385,.T.);
#1037=EDGE_CURVE('',#820,#763,#386,.T.);
#1038=EDGE_CURVE('',#820,#819,#387,.T.);
#1039=EDGE_CURVE('',#821,#696,#388,.T.);
#1040=EDGE_CURVE('',#764,#821,#389,.T.);
#1041=EDGE_CURVE('',#702,#822,#390,.T.);
#1042=EDGE_CURVE('',#822,#765,#391,.T.);
#1043=EDGE_CURVE('',#822,#821,#392,.T.);
#1044=EDGE_CURVE('',#823,#700,#393,.T.);
#1045=EDGE_CURVE('',#766,#823,#394,.T.);
#1046=EDGE_CURVE('',#767,#824,#395,.T.);
#1047=EDGE_CURVE('',#824,#823,#396,.T.);
#1048=EDGE_CURVE('',#704,#825,#397,.T.);
#1049=EDGE_CURVE('',#825,#771,#398,.T.);
#1050=EDGE_CURVE('',#825,#826,#399,.T.);
#1051=EDGE_CURVE('',#826,#770,#400,.T.);
#1052=EDGE_CURVE('',#827,#828,#401,.T.);
#1053=EDGE_CURVE('',#754,#827,#402,.T.);
#1054=EDGE_CURVE('',#753,#828,#403,.T.);
#1055=EDGE_CURVE('',#829,#827,#404,.T.);
#1056=EDGE_CURVE('',#755,#829,#405,.T.);
#1057=EDGE_CURVE('',#756,#830,#406,.T.);
#1058=EDGE_CURVE('',#830,#829,#407,.T.);
#1059=EDGE_CURVE('',#813,#814,#408,.T.);
#1060=EDGE_CURVE('',#831,#797,#409,.T.);
#1061=EDGE_CURVE('',#832,#831,#410,.T.);
#1062=EDGE_CURVE('',#740,#832,#411,.T.);
#1063=EDGE_CURVE('',#833,#742,#412,.T.);
#1064=EDGE_CURVE('',#834,#833,#413,.T.);
#1065=EDGE_CURVE('',#808,#834,#414,.T.);
#1066=EDGE_CURVE('',#835,#809,#415,.T.);
#1067=EDGE_CURVE('',#836,#835,#416,.T.);
#1068=EDGE_CURVE('',#810,#836,#417,.T.);
#1069=EDGE_CURVE('',#837,#807,#418,.T.);
#1070=EDGE_CURVE('',#812,#837,#419,.T.);
#1071=EDGE_CURVE('',#838,#826,#420,.T.);
#1072=EDGE_CURVE('',#839,#838,#421,.T.);
#1073=EDGE_CURVE('',#824,#839,#422,.T.);
#1074=EDGE_CURVE('',#840,#816,#423,.T.);
#1075=EDGE_CURVE('',#830,#840,#424,.T.);
#1076=EDGE_CURVE('',#745,#828,#19,.T.);
#1077=EDGE_CURVE('',#840,#757,#425,.T.);
#1078=EDGE_CURVE('',#768,#839,#426,.T.);
#1079=EDGE_CURVE('',#769,#838,#427,.T.);
#1080=EDGE_CURVE('',#781,#837,#428,.T.);
#1081=EDGE_CURVE('',#835,#787,#429,.T.);
#1082=EDGE_CURVE('',#836,#786,#430,.T.);
#1083=EDGE_CURVE('',#833,#791,#431,.T.);
#1084=EDGE_CURVE('',#834,#790,#432,.T.);
#1085=EDGE_CURVE('',#831,#793,#433,.T.);
#1086=EDGE_CURVE('',#832,#792,#434,.T.);
#1087=ORIENTED_EDGE('',*,*,#841,.F.);
#1088=ORIENTED_EDGE('',*,*,#842,.F.);
#1089=ORIENTED_EDGE('',*,*,#843,.F.);
#1090=ORIENTED_EDGE('',*,*,#844,.F.);
#1091=ORIENTED_EDGE('',*,*,#845,.F.);
#1092=ORIENTED_EDGE('',*,*,#846,.F.);
#1093=ORIENTED_EDGE('',*,*,#842,.T.);
#1094=ORIENTED_EDGE('',*,*,#847,.F.);
#1095=ORIENTED_EDGE('',*,*,#848,.F.);
#1096=ORIENTED_EDGE('',*,*,#849,.F.);
#1097=ORIENTED_EDGE('',*,*,#850,.F.);
#1098=ORIENTED_EDGE('',*,*,#851,.F.);
#1099=ORIENTED_EDGE('',*,*,#852,.F.);
#1100=ORIENTED_EDGE('',*,*,#853,.F.);
#1101=ORIENTED_EDGE('',*,*,#854,.F.);
#1102=ORIENTED_EDGE('',*,*,#855,.F.);
#1103=ORIENTED_EDGE('',*,*,#856,.F.);
#1104=ORIENTED_EDGE('',*,*,#857,.F.);
#1105=ORIENTED_EDGE('',*,*,#858,.F.);
#1106=ORIENTED_EDGE('',*,*,#859,.F.);
#1107=ORIENTED_EDGE('',*,*,#860,.F.);
#1108=ORIENTED_EDGE('',*,*,#861,.F.);
#1109=ORIENTED_EDGE('',*,*,#862,.F.);
#1110=ORIENTED_EDGE('',*,*,#863,.F.);
#1111=ORIENTED_EDGE('',*,*,#864,.F.);
#1112=ORIENTED_EDGE('',*,*,#865,.F.);
#1113=ORIENTED_EDGE('',*,*,#866,.F.);
#1114=ORIENTED_EDGE('',*,*,#867,.F.);
#1115=ORIENTED_EDGE('',*,*,#868,.F.);
#1116=ORIENTED_EDGE('',*,*,#869,.F.);
#1117=ORIENTED_EDGE('',*,*,#870,.F.);
#1118=ORIENTED_EDGE('',*,*,#871,.F.);
#1119=ORIENTED_EDGE('',*,*,#872,.F.);
#1120=ORIENTED_EDGE('',*,*,#873,.T.);
#1121=ORIENTED_EDGE('',*,*,#874,.F.);
#1122=ORIENTED_EDGE('',*,*,#873,.F.);
#1123=ORIENTED_EDGE('',*,*,#875,.F.);
#1124=ORIENTED_EDGE('',*,*,#876,.F.);
#1125=ORIENTED_EDGE('',*,*,#877,.F.);
#1126=ORIENTED_EDGE('',*,*,#878,.F.);
#1127=ORIENTED_EDGE('',*,*,#879,.F.);
#1128=ORIENTED_EDGE('',*,*,#880,.F.);
#1129=ORIENTED_EDGE('',*,*,#881,.F.);
#1130=ORIENTED_EDGE('',*,*,#882,.F.);
#1131=ORIENTED_EDGE('',*,*,#883,.F.);
#1132=ORIENTED_EDGE('',*,*,#884,.F.);
#1133=ORIENTED_EDGE('',*,*,#885,.F.);
#1134=ORIENTED_EDGE('',*,*,#886,.F.);
#1135=ORIENTED_EDGE('',*,*,#887,.F.);
#1136=ORIENTED_EDGE('',*,*,#888,.F.);
#1137=ORIENTED_EDGE('',*,*,#889,.F.);
#1138=ORIENTED_EDGE('',*,*,#890,.F.);
#1139=ORIENTED_EDGE('',*,*,#891,.F.);
#1140=ORIENTED_EDGE('',*,*,#892,.F.);
#1141=ORIENTED_EDGE('',*,*,#847,.T.);
#1142=ORIENTED_EDGE('',*,*,#841,.T.);
#1143=ORIENTED_EDGE('',*,*,#844,.T.);
#1144=ORIENTED_EDGE('',*,*,#893,.F.);
#1145=ORIENTED_EDGE('',*,*,#894,.F.);
#1146=ORIENTED_EDGE('',*,*,#891,.T.);
#1147=ORIENTED_EDGE('',*,*,#895,.F.);
#1148=ORIENTED_EDGE('',*,*,#896,.F.);
#1149=ORIENTED_EDGE('',*,*,#897,.F.);
#1150=ORIENTED_EDGE('',*,*,#898,.F.);
#1151=ORIENTED_EDGE('',*,*,#843,.T.);
#1152=ORIENTED_EDGE('',*,*,#846,.T.);
#1153=ORIENTED_EDGE('',*,*,#899,.F.);
#1154=ORIENTED_EDGE('',*,*,#893,.T.);
#1155=ORIENTED_EDGE('',*,*,#900,.F.);
#1156=ORIENTED_EDGE('',*,*,#901,.F.);
#1157=ORIENTED_EDGE('',*,*,#902,.F.);
#1158=ORIENTED_EDGE('',*,*,#903,.F.);
#1159=ORIENTED_EDGE('',*,*,#904,.F.);
#1160=ORIENTED_EDGE('',*,*,#905,.F.);
#1161=ORIENTED_EDGE('',*,*,#906,.F.);
#1162=ORIENTED_EDGE('',*,*,#907,.F.);
#1163=ORIENTED_EDGE('',*,*,#908,.F.);
#1164=ORIENTED_EDGE('',*,*,#909,.F.);
#1165=ORIENTED_EDGE('',*,*,#910,.F.);
#1166=ORIENTED_EDGE('',*,*,#911,.F.);
#1167=ORIENTED_EDGE('',*,*,#912,.F.);
#1168=ORIENTED_EDGE('',*,*,#850,.T.);
#1169=ORIENTED_EDGE('',*,*,#913,.F.);
#1170=ORIENTED_EDGE('',*,*,#914,.F.);
#1171=ORIENTED_EDGE('',*,*,#915,.F.);
#1172=ORIENTED_EDGE('',*,*,#916,.F.);
#1173=ORIENTED_EDGE('',*,*,#917,.F.);
#1174=ORIENTED_EDGE('',*,*,#848,.T.);
#1175=ORIENTED_EDGE('',*,*,#892,.T.);
#1176=ORIENTED_EDGE('',*,*,#894,.T.);
#1177=ORIENTED_EDGE('',*,*,#899,.T.);
#1178=ORIENTED_EDGE('',*,*,#845,.T.);
#1179=ORIENTED_EDGE('',*,*,#918,.F.);
#1180=ORIENTED_EDGE('',*,*,#919,.F.);
#1181=ORIENTED_EDGE('',*,*,#888,.T.);
#1182=ORIENTED_EDGE('',*,*,#920,.F.);
#1183=ORIENTED_EDGE('',*,*,#921,.F.);
#1184=ORIENTED_EDGE('',*,*,#922,.F.);
#1185=ORIENTED_EDGE('',*,*,#897,.T.);
#1186=ORIENTED_EDGE('',*,*,#923,.F.);
#1187=ORIENTED_EDGE('',*,*,#924,.F.);
#1188=ORIENTED_EDGE('',*,*,#925,.F.);
#1189=ORIENTED_EDGE('',*,*,#902,.T.);
#1190=ORIENTED_EDGE('',*,*,#926,.F.);
#1191=ORIENTED_EDGE('',*,*,#913,.T.);
#1192=ORIENTED_EDGE('',*,*,#849,.T.);
#1193=ORIENTED_EDGE('',*,*,#917,.T.);
#1194=ORIENTED_EDGE('',*,*,#927,.T.);
#1195=ORIENTED_EDGE('',*,*,#928,.F.);
#1196=ORIENTED_EDGE('',*,*,#929,.F.);
#1197=ORIENTED_EDGE('',*,*,#930,.F.);
#1198=ORIENTED_EDGE('',*,*,#931,.F.);
#1199=ORIENTED_EDGE('',*,*,#932,.F.);
#1200=ORIENTED_EDGE('',*,*,#933,.F.);
#1201=ORIENTED_EDGE('',*,*,#934,.F.);
#1202=ORIENTED_EDGE('',*,*,#853,.T.);
#1203=ORIENTED_EDGE('',*,*,#935,.F.);
#1204=ORIENTED_EDGE('',*,*,#936,.F.);
#1205=ORIENTED_EDGE('',*,*,#937,.F.);
#1206=ORIENTED_EDGE('',*,*,#857,.T.);
#1207=ORIENTED_EDGE('',*,*,#938,.F.);
#1208=ORIENTED_EDGE('',*,*,#939,.F.);
#1209=ORIENTED_EDGE('',*,*,#940,.F.);
#1210=ORIENTED_EDGE('',*,*,#861,.T.);
#1211=ORIENTED_EDGE('',*,*,#941,.F.);
#1212=ORIENTED_EDGE('',*,*,#942,.F.);
#1213=ORIENTED_EDGE('',*,*,#943,.F.);
#1214=ORIENTED_EDGE('',*,*,#865,.T.);
#1215=ORIENTED_EDGE('',*,*,#944,.F.);
#1216=ORIENTED_EDGE('',*,*,#945,.F.);
#1217=ORIENTED_EDGE('',*,*,#946,.F.);
#1218=ORIENTED_EDGE('',*,*,#947,.F.);
#1219=ORIENTED_EDGE('',*,*,#948,.F.);
#1220=ORIENTED_EDGE('',*,*,#949,.F.);
#1221=ORIENTED_EDGE('',*,*,#950,.F.);
#1222=ORIENTED_EDGE('',*,*,#870,.T.);
#1223=ORIENTED_EDGE('',*,*,#951,.F.);
#1224=ORIENTED_EDGE('',*,*,#952,.F.);
#1225=ORIENTED_EDGE('',*,*,#953,.F.);
#1226=ORIENTED_EDGE('',*,*,#876,.T.);
#1227=ORIENTED_EDGE('',*,*,#954,.F.);
#1228=ORIENTED_EDGE('',*,*,#955,.F.);
#1229=ORIENTED_EDGE('',*,*,#956,.F.);
#1230=ORIENTED_EDGE('',*,*,#880,.T.);
#1231=ORIENTED_EDGE('',*,*,#957,.F.);
#1232=ORIENTED_EDGE('',*,*,#958,.F.);
#1233=ORIENTED_EDGE('',*,*,#959,.F.);
#1234=ORIENTED_EDGE('',*,*,#884,.T.);
#1235=ORIENTED_EDGE('',*,*,#960,.F.);
#1236=ORIENTED_EDGE('',*,*,#961,.F.);
#1237=ORIENTED_EDGE('',*,*,#962,.F.);
#1238=ORIENTED_EDGE('',*,*,#963,.F.);
#1239=ORIENTED_EDGE('',*,*,#964,.F.);
#1240=ORIENTED_EDGE('',*,*,#965,.F.);
#1241=ORIENTED_EDGE('',*,*,#966,.F.);
#1242=ORIENTED_EDGE('',*,*,#905,.T.);
#1243=ORIENTED_EDGE('',*,*,#967,.F.);
#1244=ORIENTED_EDGE('',*,*,#968,.F.);
#1245=ORIENTED_EDGE('',*,*,#969,.F.);
#1246=ORIENTED_EDGE('',*,*,#970,.F.);
#1247=ORIENTED_EDGE('',*,*,#971,.F.);
#1248=ORIENTED_EDGE('',*,*,#972,.F.);
#1249=ORIENTED_EDGE('',*,*,#973,.F.);
#1250=ORIENTED_EDGE('',*,*,#974,.F.);
#1251=ORIENTED_EDGE('',*,*,#975,.F.);
#1252=ORIENTED_EDGE('',*,*,#909,.T.);
#1253=ORIENTED_EDGE('',*,*,#976,.F.);
#1254=ORIENTED_EDGE('',*,*,#977,.F.);
#1255=ORIENTED_EDGE('',*,*,#978,.F.);
#1256=ORIENTED_EDGE('',*,*,#872,.T.);
#1257=ORIENTED_EDGE('',*,*,#979,.F.);
#1258=ORIENTED_EDGE('',*,*,#914,.T.);
#1259=ORIENTED_EDGE('',*,*,#926,.T.);
#1260=ORIENTED_EDGE('',*,*,#901,.T.);
#1261=ORIENTED_EDGE('',*,*,#980,.F.);
#1262=ORIENTED_EDGE('',*,*,#903,.T.);
#1263=ORIENTED_EDGE('',*,*,#925,.T.);
#1264=ORIENTED_EDGE('',*,*,#981,.F.);
#1265=ORIENTED_EDGE('',*,*,#982,.F.);
#1266=ORIENTED_EDGE('',*,*,#983,.F.);
#1267=ORIENTED_EDGE('',*,*,#923,.T.);
#1268=ORIENTED_EDGE('',*,*,#896,.T.);
#1269=ORIENTED_EDGE('',*,*,#984,.F.);
#1270=ORIENTED_EDGE('',*,*,#981,.T.);
#1271=ORIENTED_EDGE('',*,*,#924,.T.);
#1272=ORIENTED_EDGE('',*,*,#983,.T.);
#1273=ORIENTED_EDGE('',*,*,#985,.F.);
#1274=ORIENTED_EDGE('',*,*,#889,.T.);
#1275=ORIENTED_EDGE('',*,*,#919,.T.);
#1276=ORIENTED_EDGE('',*,*,#986,.F.);
#1277=ORIENTED_EDGE('',*,*,#987,.F.);
#1278=ORIENTED_EDGE('',*,*,#986,.T.);
#1279=ORIENTED_EDGE('',*,*,#918,.T.);
#1280=ORIENTED_EDGE('',*,*,#988,.F.);
#1281=ORIENTED_EDGE('',*,*,#989,.F.);
#1282=ORIENTED_EDGE('',*,*,#898,.T.);
#1283=ORIENTED_EDGE('',*,*,#922,.T.);
#1284=ORIENTED_EDGE('',*,*,#990,.F.);
#1285=ORIENTED_EDGE('',*,*,#991,.F.);
#1286=ORIENTED_EDGE('',*,*,#990,.T.);
#1287=ORIENTED_EDGE('',*,*,#921,.T.);
#1288=ORIENTED_EDGE('',*,*,#992,.F.);
#1289=ORIENTED_EDGE('',*,*,#993,.F.);
#1290=ORIENTED_EDGE('',*,*,#992,.T.);
#1291=ORIENTED_EDGE('',*,*,#920,.T.);
#1292=ORIENTED_EDGE('',*,*,#887,.T.);
#1293=ORIENTED_EDGE('',*,*,#994,.F.);
#1294=ORIENTED_EDGE('',*,*,#995,.F.);
#1295=ORIENTED_EDGE('',*,*,#951,.T.);
#1296=ORIENTED_EDGE('',*,*,#869,.T.);
#1297=ORIENTED_EDGE('',*,*,#996,.F.);
#1298=ORIENTED_EDGE('',*,*,#877,.T.);
#1299=ORIENTED_EDGE('',*,*,#953,.T.);
#1300=ORIENTED_EDGE('',*,*,#997,.F.);
#1301=ORIENTED_EDGE('',*,*,#998,.F.);
#1302=ORIENTED_EDGE('',*,*,#997,.T.);
#1303=ORIENTED_EDGE('',*,*,#952,.T.);
#1304=ORIENTED_EDGE('',*,*,#995,.T.);
#1305=ORIENTED_EDGE('',*,*,#999,.F.);
#1306=ORIENTED_EDGE('',*,*,#1000,.F.);
#1307=ORIENTED_EDGE('',*,*,#954,.T.);
#1308=ORIENTED_EDGE('',*,*,#875,.T.);
#1309=ORIENTED_EDGE('',*,*,#1001,.F.);
#1310=ORIENTED_EDGE('',*,*,#881,.T.);
#1311=ORIENTED_EDGE('',*,*,#956,.T.);
#1312=ORIENTED_EDGE('',*,*,#1002,.F.);
#1313=ORIENTED_EDGE('',*,*,#1003,.F.);
#1314=ORIENTED_EDGE('',*,*,#1002,.T.);
#1315=ORIENTED_EDGE('',*,*,#955,.T.);
#1316=ORIENTED_EDGE('',*,*,#1000,.T.);
#1317=ORIENTED_EDGE('',*,*,#1004,.F.);
#1318=ORIENTED_EDGE('',*,*,#1005,.F.);
#1319=ORIENTED_EDGE('',*,*,#957,.T.);
#1320=ORIENTED_EDGE('',*,*,#879,.T.);
#1321=ORIENTED_EDGE('',*,*,#1006,.F.);
#1322=ORIENTED_EDGE('',*,*,#885,.T.);
#1323=ORIENTED_EDGE('',*,*,#959,.T.);
#1324=ORIENTED_EDGE('',*,*,#1007,.F.);
#1325=ORIENTED_EDGE('',*,*,#1008,.F.);
#1326=ORIENTED_EDGE('',*,*,#1007,.T.);
#1327=ORIENTED_EDGE('',*,*,#958,.T.);
#1328=ORIENTED_EDGE('',*,*,#1005,.T.);
#1329=ORIENTED_EDGE('',*,*,#1009,.F.);
#1330=ORIENTED_EDGE('',*,*,#906,.T.);
#1331=ORIENTED_EDGE('',*,*,#966,.T.);
#1332=ORIENTED_EDGE('',*,*,#1010,.F.);
#1333=ORIENTED_EDGE('',*,*,#1011,.F.);
#1334=ORIENTED_EDGE('',*,*,#1010,.T.);
#1335=ORIENTED_EDGE('',*,*,#965,.T.);
#1336=ORIENTED_EDGE('',*,*,#1012,.F.);
#1337=ORIENTED_EDGE('',*,*,#1013,.F.);
#1338=ORIENTED_EDGE('',*,*,#972,.T.);
#1339=ORIENTED_EDGE('',*,*,#1014,.F.);
#1340=ORIENTED_EDGE('',*,*,#1015,.F.);
#1341=ORIENTED_EDGE('',*,*,#1016,.F.);
#1342=ORIENTED_EDGE('',*,*,#968,.T.);
#1343=ORIENTED_EDGE('',*,*,#1017,.F.);
#1344=ORIENTED_EDGE('',*,*,#1018,.F.);
#1345=ORIENTED_EDGE('',*,*,#1019,.F.);
#1346=ORIENTED_EDGE('',*,*,#1017,.T.);
#1347=ORIENTED_EDGE('',*,*,#967,.T.);
#1348=ORIENTED_EDGE('',*,*,#904,.T.);
#1349=ORIENTED_EDGE('',*,*,#1020,.F.);
#1350=ORIENTED_EDGE('',*,*,#962,.T.);
#1351=ORIENTED_EDGE('',*,*,#1021,.F.);
#1352=ORIENTED_EDGE('',*,*,#1022,.F.);
#1353=ORIENTED_EDGE('',*,*,#1023,.F.);
#1354=ORIENTED_EDGE('',*,*,#960,.T.);
#1355=ORIENTED_EDGE('',*,*,#883,.T.);
#1356=ORIENTED_EDGE('',*,*,#1024,.F.);
#1357=ORIENTED_EDGE('',*,*,#1025,.F.);
#1358=ORIENTED_EDGE('',*,*,#854,.T.);
#1359=ORIENTED_EDGE('',*,*,#934,.T.);
#1360=ORIENTED_EDGE('',*,*,#1026,.F.);
#1361=ORIENTED_EDGE('',*,*,#1027,.F.);
#1362=ORIENTED_EDGE('',*,*,#1026,.T.);
#1363=ORIENTED_EDGE('',*,*,#933,.T.);
#1364=ORIENTED_EDGE('',*,*,#1028,.F.);
#1365=ORIENTED_EDGE('',*,*,#1029,.F.);
#1366=ORIENTED_EDGE('',*,*,#1030,.F.);
#1367=ORIENTED_EDGE('',*,*,#935,.T.);
#1368=ORIENTED_EDGE('',*,*,#852,.T.);
#1369=ORIENTED_EDGE('',*,*,#1031,.F.);
#1370=ORIENTED_EDGE('',*,*,#858,.T.);
#1371=ORIENTED_EDGE('',*,*,#937,.T.);
#1372=ORIENTED_EDGE('',*,*,#1032,.F.);
#1373=ORIENTED_EDGE('',*,*,#1033,.F.);
#1374=ORIENTED_EDGE('',*,*,#1032,.T.);
#1375=ORIENTED_EDGE('',*,*,#936,.T.);
#1376=ORIENTED_EDGE('',*,*,#1030,.T.);
#1377=ORIENTED_EDGE('',*,*,#1034,.F.);
#1378=ORIENTED_EDGE('',*,*,#1035,.F.);
#1379=ORIENTED_EDGE('',*,*,#938,.T.);
#1380=ORIENTED_EDGE('',*,*,#856,.T.);
#1381=ORIENTED_EDGE('',*,*,#1036,.F.);
#1382=ORIENTED_EDGE('',*,*,#862,.T.);
#1383=ORIENTED_EDGE('',*,*,#940,.T.);
#1384=ORIENTED_EDGE('',*,*,#1037,.F.);
#1385=ORIENTED_EDGE('',*,*,#1038,.F.);
#1386=ORIENTED_EDGE('',*,*,#1037,.T.);
#1387=ORIENTED_EDGE('',*,*,#939,.T.);
#1388=ORIENTED_EDGE('',*,*,#1035,.T.);
#1389=ORIENTED_EDGE('',*,*,#1039,.F.);
#1390=ORIENTED_EDGE('',*,*,#1040,.F.);
#1391=ORIENTED_EDGE('',*,*,#941,.T.);
#1392=ORIENTED_EDGE('',*,*,#860,.T.);
#1393=ORIENTED_EDGE('',*,*,#1041,.F.);
#1394=ORIENTED_EDGE('',*,*,#866,.T.);
#1395=ORIENTED_EDGE('',*,*,#943,.T.);
#1396=ORIENTED_EDGE('',*,*,#1042,.F.);
#1397=ORIENTED_EDGE('',*,*,#1043,.F.);
#1398=ORIENTED_EDGE('',*,*,#1042,.T.);
#1399=ORIENTED_EDGE('',*,*,#942,.T.);
#1400=ORIENTED_EDGE('',*,*,#1040,.T.);
#1401=ORIENTED_EDGE('',*,*,#1044,.F.);
#1402=ORIENTED_EDGE('',*,*,#1045,.F.);
#1403=ORIENTED_EDGE('',*,*,#944,.T.);
#1404=ORIENTED_EDGE('',*,*,#864,.T.);
#1405=ORIENTED_EDGE('',*,*,#1046,.F.);
#1406=ORIENTED_EDGE('',*,*,#945,.T.);
#1407=ORIENTED_EDGE('',*,*,#1045,.T.);
#1408=ORIENTED_EDGE('',*,*,#1047,.F.);
#1409=ORIENTED_EDGE('',*,*,#1048,.F.);
#1410=ORIENTED_EDGE('',*,*,#871,.T.);
#1411=ORIENTED_EDGE('',*,*,#950,.T.);
#1412=ORIENTED_EDGE('',*,*,#1049,.F.);
#1413=ORIENTED_EDGE('',*,*,#1050,.F.);
#1414=ORIENTED_EDGE('',*,*,#1049,.T.);
#1415=ORIENTED_EDGE('',*,*,#949,.T.);
#1416=ORIENTED_EDGE('',*,*,#1051,.F.);
#1417=ORIENTED_EDGE('',*,*,#1052,.F.);
#1418=ORIENTED_EDGE('',*,*,#1053,.F.);
#1419=ORIENTED_EDGE('',*,*,#928,.T.);
#1420=ORIENTED_EDGE('',*,*,#1054,.T.);
#1421=ORIENTED_EDGE('',*,*,#1055,.F.);
#1422=ORIENTED_EDGE('',*,*,#1056,.F.);
#1423=ORIENTED_EDGE('',*,*,#929,.T.);
#1424=ORIENTED_EDGE('',*,*,#1053,.T.);
#1425=ORIENTED_EDGE('',*,*,#1057,.F.);
#1426=ORIENTED_EDGE('',*,*,#930,.T.);
#1427=ORIENTED_EDGE('',*,*,#1056,.T.);
#1428=ORIENTED_EDGE('',*,*,#1058,.F.);
#1429=ORIENTED_EDGE('',*,*,#1059,.F.);
#1430=ORIENTED_EDGE('',*,*,#1021,.T.);
#1431=ORIENTED_EDGE('',*,*,#961,.T.);
#1432=ORIENTED_EDGE('',*,*,#1023,.T.);
#1433=ORIENTED_EDGE('',*,*,#1060,.F.);
#1434=ORIENTED_EDGE('',*,*,#1061,.F.);
#1435=ORIENTED_EDGE('',*,*,#1062,.F.);
#1436=ORIENTED_EDGE('',*,*,#911,.T.);
#1437=ORIENTED_EDGE('',*,*,#1063,.F.);
#1438=ORIENTED_EDGE('',*,*,#1064,.F.);
#1439=ORIENTED_EDGE('',*,*,#1065,.F.);
#1440=ORIENTED_EDGE('',*,*,#1015,.T.);
#1441=ORIENTED_EDGE('',*,*,#1066,.F.);
#1442=ORIENTED_EDGE('',*,*,#1067,.F.);
#1443=ORIENTED_EDGE('',*,*,#1068,.F.);
#1444=ORIENTED_EDGE('',*,*,#1018,.T.);
#1445=ORIENTED_EDGE('',*,*,#1019,.T.);
#1446=ORIENTED_EDGE('',*,*,#907,.T.);
#1447=ORIENTED_EDGE('',*,*,#1009,.T.);
#1448=ORIENTED_EDGE('',*,*,#1011,.T.);
#1449=ORIENTED_EDGE('',*,*,#1069,.F.);
#1450=ORIENTED_EDGE('',*,*,#1070,.F.);
#1451=ORIENTED_EDGE('',*,*,#1022,.T.);
#1452=ORIENTED_EDGE('',*,*,#1059,.T.);
#1453=ORIENTED_EDGE('',*,*,#1024,.T.);
#1454=ORIENTED_EDGE('',*,*,#886,.T.);
#1455=ORIENTED_EDGE('',*,*,#1006,.T.);
#1456=ORIENTED_EDGE('',*,*,#1008,.T.);
#1457=ORIENTED_EDGE('',*,*,#1004,.T.);
#1458=ORIENTED_EDGE('',*,*,#882,.T.);
#1459=ORIENTED_EDGE('',*,*,#1001,.T.);
#1460=ORIENTED_EDGE('',*,*,#1003,.T.);
#1461=ORIENTED_EDGE('',*,*,#999,.T.);
#1462=ORIENTED_EDGE('',*,*,#878,.T.);
#1463=ORIENTED_EDGE('',*,*,#996,.T.);
#1464=ORIENTED_EDGE('',*,*,#998,.T.);
#1465=ORIENTED_EDGE('',*,*,#994,.T.);
#1466=ORIENTED_EDGE('',*,*,#868,.T.);
#1467=ORIENTED_EDGE('',*,*,#1048,.T.);
#1468=ORIENTED_EDGE('',*,*,#1050,.T.);
#1469=ORIENTED_EDGE('',*,*,#1071,.F.);
#1470=ORIENTED_EDGE('',*,*,#1072,.F.);
#1471=ORIENTED_EDGE('',*,*,#1073,.F.);
#1472=ORIENTED_EDGE('',*,*,#1047,.T.);
#1473=ORIENTED_EDGE('',*,*,#1044,.T.);
#1474=ORIENTED_EDGE('',*,*,#867,.T.);
#1475=ORIENTED_EDGE('',*,*,#1041,.T.);
#1476=ORIENTED_EDGE('',*,*,#1043,.T.);
#1477=ORIENTED_EDGE('',*,*,#1039,.T.);
#1478=ORIENTED_EDGE('',*,*,#863,.T.);
#1479=ORIENTED_EDGE('',*,*,#1036,.T.);
#1480=ORIENTED_EDGE('',*,*,#1038,.T.);
#1481=ORIENTED_EDGE('',*,*,#1034,.T.);
#1482=ORIENTED_EDGE('',*,*,#859,.T.);
#1483=ORIENTED_EDGE('',*,*,#1031,.T.);
#1484=ORIENTED_EDGE('',*,*,#1033,.T.);
#1485=ORIENTED_EDGE('',*,*,#1029,.T.);
#1486=ORIENTED_EDGE('',*,*,#855,.T.);
#1487=ORIENTED_EDGE('',*,*,#1025,.T.);
#1488=ORIENTED_EDGE('',*,*,#1027,.T.);
#1489=ORIENTED_EDGE('',*,*,#1074,.F.);
#1490=ORIENTED_EDGE('',*,*,#1075,.F.);
#1491=ORIENTED_EDGE('',*,*,#1058,.T.);
#1492=ORIENTED_EDGE('',*,*,#1055,.T.);
#1493=ORIENTED_EDGE('',*,*,#1052,.T.);
#1494=ORIENTED_EDGE('',*,*,#1076,.F.);
#1495=ORIENTED_EDGE('',*,*,#915,.T.);
#1496=ORIENTED_EDGE('',*,*,#851,.T.);
#1497=ORIENTED_EDGE('',*,*,#912,.T.);
#1498=ORIENTED_EDGE('',*,*,#979,.T.);
#1499=ORIENTED_EDGE('',*,*,#900,.T.);
#1500=ORIENTED_EDGE('',*,*,#980,.T.);
#1501=ORIENTED_EDGE('',*,*,#984,.T.);
#1502=ORIENTED_EDGE('',*,*,#982,.T.);
#1503=ORIENTED_EDGE('',*,*,#895,.T.);
#1504=ORIENTED_EDGE('',*,*,#989,.T.);
#1505=ORIENTED_EDGE('',*,*,#991,.T.);
#1506=ORIENTED_EDGE('',*,*,#993,.T.);
#1507=ORIENTED_EDGE('',*,*,#890,.T.);
#1508=ORIENTED_EDGE('',*,*,#985,.T.);
#1509=ORIENTED_EDGE('',*,*,#987,.T.);
#1510=ORIENTED_EDGE('',*,*,#874,.T.);
#1511=ORIENTED_EDGE('',*,*,#1028,.T.);
#1512=ORIENTED_EDGE('',*,*,#932,.T.);
#1513=ORIENTED_EDGE('',*,*,#1077,.F.);
#1514=ORIENTED_EDGE('',*,*,#1074,.T.);
#1515=ORIENTED_EDGE('',*,*,#1075,.T.);
#1516=ORIENTED_EDGE('',*,*,#1077,.T.);
#1517=ORIENTED_EDGE('',*,*,#931,.T.);
#1518=ORIENTED_EDGE('',*,*,#1057,.T.);
#1519=ORIENTED_EDGE('',*,*,#1073,.T.);
#1520=ORIENTED_EDGE('',*,*,#1078,.F.);
#1521=ORIENTED_EDGE('',*,*,#946,.T.);
#1522=ORIENTED_EDGE('',*,*,#1046,.T.);
#1523=ORIENTED_EDGE('',*,*,#1072,.T.);
#1524=ORIENTED_EDGE('',*,*,#1079,.F.);
#1525=ORIENTED_EDGE('',*,*,#947,.T.);
#1526=ORIENTED_EDGE('',*,*,#1078,.T.);
#1527=ORIENTED_EDGE('',*,*,#1051,.T.);
#1528=ORIENTED_EDGE('',*,*,#948,.T.);
#1529=ORIENTED_EDGE('',*,*,#1079,.T.);
#1530=ORIENTED_EDGE('',*,*,#1071,.T.);
#1531=ORIENTED_EDGE('',*,*,#1070,.T.);
#1532=ORIENTED_EDGE('',*,*,#1080,.F.);
#1533=ORIENTED_EDGE('',*,*,#963,.T.);
#1534=ORIENTED_EDGE('',*,*,#1020,.T.);
#1535=ORIENTED_EDGE('',*,*,#1012,.T.);
#1536=ORIENTED_EDGE('',*,*,#964,.T.);
#1537=ORIENTED_EDGE('',*,*,#1080,.T.);
#1538=ORIENTED_EDGE('',*,*,#1069,.T.);
#1539=ORIENTED_EDGE('',*,*,#1014,.T.);
#1540=ORIENTED_EDGE('',*,*,#971,.T.);
#1541=ORIENTED_EDGE('',*,*,#1081,.F.);
#1542=ORIENTED_EDGE('',*,*,#1066,.T.);
#1543=ORIENTED_EDGE('',*,*,#1067,.T.);
#1544=ORIENTED_EDGE('',*,*,#1081,.T.);
#1545=ORIENTED_EDGE('',*,*,#970,.T.);
#1546=ORIENTED_EDGE('',*,*,#1082,.F.);
#1547=ORIENTED_EDGE('',*,*,#1068,.T.);
#1548=ORIENTED_EDGE('',*,*,#1082,.T.);
#1549=ORIENTED_EDGE('',*,*,#969,.T.);
#1550=ORIENTED_EDGE('',*,*,#1016,.T.);
#1551=ORIENTED_EDGE('',*,*,#1063,.T.);
#1552=ORIENTED_EDGE('',*,*,#910,.T.);
#1553=ORIENTED_EDGE('',*,*,#975,.T.);
#1554=ORIENTED_EDGE('',*,*,#1083,.F.);
#1555=ORIENTED_EDGE('',*,*,#1064,.T.);
#1556=ORIENTED_EDGE('',*,*,#1083,.T.);
#1557=ORIENTED_EDGE('',*,*,#974,.T.);
#1558=ORIENTED_EDGE('',*,*,#1084,.F.);
#1559=ORIENTED_EDGE('',*,*,#1065,.T.);
#1560=ORIENTED_EDGE('',*,*,#1084,.T.);
#1561=ORIENTED_EDGE('',*,*,#973,.T.);
#1562=ORIENTED_EDGE('',*,*,#1013,.T.);
#1563=ORIENTED_EDGE('',*,*,#988,.T.);
#1564=ORIENTED_EDGE('',*,*,#978,.T.);
#1565=ORIENTED_EDGE('',*,*,#1085,.F.);
#1566=ORIENTED_EDGE('',*,*,#1060,.T.);
#1567=ORIENTED_EDGE('',*,*,#1061,.T.);
#1568=ORIENTED_EDGE('',*,*,#1085,.T.);
#1569=ORIENTED_EDGE('',*,*,#977,.T.);
#1570=ORIENTED_EDGE('',*,*,#1086,.F.);
#1571=ORIENTED_EDGE('',*,*,#1062,.T.);
#1572=ORIENTED_EDGE('',*,*,#1086,.T.);
#1573=ORIENTED_EDGE('',*,*,#976,.T.);
#1574=ORIENTED_EDGE('',*,*,#908,.T.);
#1575=ORIENTED_EDGE('',*,*,#927,.F.);
#1576=ORIENTED_EDGE('',*,*,#916,.T.);
#1577=ORIENTED_EDGE('',*,*,#1076,.T.);
#1578=ORIENTED_EDGE('',*,*,#1054,.F.);
#1579=PLANE('',#1759);
#1580=PLANE('',#1760);
#1581=PLANE('',#1761);
#1582=PLANE('',#1762);
#1583=PLANE('',#1763);
#1584=PLANE('',#1764);
#1585=PLANE('',#1765);
#1586=PLANE('',#1769);
#1587=PLANE('',#1770);
#1588=PLANE('',#1771);
#1589=PLANE('',#1772);
#1590=PLANE('',#1773);
#1591=PLANE('',#1774);
#1592=PLANE('',#1775);
#1593=PLANE('',#1776);
#1594=PLANE('',#1777);
#1595=PLANE('',#1778);
#1596=PLANE('',#1779);
#1597=PLANE('',#1780);
#1598=PLANE('',#1781);
#1599=PLANE('',#1782);
#1600=PLANE('',#1783);
#1601=PLANE('',#1784);
#1602=PLANE('',#1785);
#1603=PLANE('',#1786);
#1604=PLANE('',#1787);
#1605=PLANE('',#1788);
#1606=PLANE('',#1789);
#1607=PLANE('',#1790);
#1608=PLANE('',#1791);
#1609=PLANE('',#1792);
#1610=PLANE('',#1793);
#1611=PLANE('',#1794);
#1612=PLANE('',#1795);
#1613=PLANE('',#1796);
#1614=PLANE('',#1797);
#1615=PLANE('',#1798);
#1616=PLANE('',#1799);
#1617=PLANE('',#1800);
#1618=PLANE('',#1801);
#1619=PLANE('',#1802);
#1620=PLANE('',#1803);
#1621=PLANE('',#1804);
#1622=PLANE('',#1805);
#1623=PLANE('',#1806);
#1624=PLANE('',#1807);
#1625=PLANE('',#1808);
#1626=PLANE('',#1809);
#1627=PLANE('',#1810);
#1628=PLANE('',#1811);
#1629=PLANE('',#1812);
#1630=PLANE('',#1813);
#1631=PLANE('',#1814);
#1632=PLANE('',#1815);
#1633=PLANE('',#1816);
#1634=PLANE('',#1817);
#1635=PLANE('',#1818);
#1636=PLANE('',#1819);
#1637=PLANE('',#1820);
#1638=PLANE('',#1821);
#1639=PLANE('',#1822);
#1640=PLANE('',#1823);
#1641=PLANE('',#1824);
#1642=PLANE('',#1825);
#1643=PLANE('',#1826);
#1644=PLANE('',#1827);
#1645=PLANE('',#1828);
#1646=PLANE('',#1829);
#1647=PLANE('',#1830);
#1648=PLANE('',#1831);
#1649=PLANE('',#1832);
#1650=PLANE('',#1833);
#1651=PLANE('',#1834);
#1652=PLANE('',#1835);
#1653=PLANE('',#1836);
#1654=PLANE('',#1837);
#1655=PLANE('',#1838);
#1656=PLANE('',#1839);
#1657=PLANE('',#1840);
#1658=PLANE('',#1841);
#1659=PLANE('',#1842);
#1660=PLANE('',#1843);
#1661=ADVANCED_FACE('',(#23),#1579,.F.);
#1662=ADVANCED_FACE('',(#24),#1580,.F.);
#1663=ADVANCED_FACE('',(#25),#1581,.F.);
#1664=ADVANCED_FACE('',(#26),#1582,.F.);
#1665=ADVANCED_FACE('',(#27),#1583,.F.);
#1666=ADVANCED_FACE('',(#28),#1584,.F.);
#1667=ADVANCED_FACE('',(#29),#1585,.F.);
#1668=ADVANCED_FACE('',(#30),#22,.F.);
#1669=ADVANCED_FACE('',(#31),#1586,.F.);
#1670=ADVANCED_FACE('',(#32),#1587,.F.);
#1671=ADVANCED_FACE('',(#33),#1588,.F.);
#1672=ADVANCED_FACE('',(#34),#1589,.F.);
#1673=ADVANCED_FACE('',(#35),#1590,.T.);
#1674=ADVANCED_FACE('',(#36),#1591,.T.);
#1675=ADVANCED_FACE('',(#37),#1592,.F.);
#1676=ADVANCED_FACE('',(#38),#1593,.F.);
#1677=ADVANCED_FACE('',(#39),#1594,.F.);
#1678=ADVANCED_FACE('',(#40),#1595,.F.);
#1679=ADVANCED_FACE('',(#41),#1596,.T.);
#1680=ADVANCED_FACE('',(#42),#1597,.T.);
#1681=ADVANCED_FACE('',(#43),#1598,.T.);
#1682=ADVANCED_FACE('',(#44,#16),#1599,.F.);
#1683=ADVANCED_FACE('',(#45),#1600,.T.);
#1684=ADVANCED_FACE('',(#46),#1601,.T.);
#1685=ADVANCED_FACE('',(#47),#1602,.T.);
#1686=ADVANCED_FACE('',(#48),#1603,.T.);
#1687=ADVANCED_FACE('',(#49),#1604,.T.);
#1688=ADVANCED_FACE('',(#50),#1605,.T.);
#1689=ADVANCED_FACE('',(#51),#1606,.T.);
#1690=ADVANCED_FACE('',(#52),#1607,.T.);
#1691=ADVANCED_FACE('',(#53),#1608,.T.);
#1692=ADVANCED_FACE('',(#54),#1609,.T.);
#1693=ADVANCED_FACE('',(#55),#1610,.T.);
#1694=ADVANCED_FACE('',(#56),#1611,.T.);
#1695=ADVANCED_FACE('',(#57),#1612,.T.);
#1696=ADVANCED_FACE('',(#58),#1613,.T.);
#1697=ADVANCED_FACE('',(#59),#1614,.T.);
#1698=ADVANCED_FACE('',(#60),#1615,.T.);
#1699=ADVANCED_FACE('',(#61),#1616,.T.);
#1700=ADVANCED_FACE('',(#62),#1617,.T.);
#1701=ADVANCED_FACE('',(#63),#1618,.T.);
#1702=ADVANCED_FACE('',(#64),#1619,.T.);
#1703=ADVANCED_FACE('',(#65),#1620,.T.);
#1704=ADVANCED_FACE('',(#66),#1621,.T.);
#1705=ADVANCED_FACE('',(#67),#1622,.T.);
#1706=ADVANCED_FACE('',(#68),#1623,.T.);
#1707=ADVANCED_FACE('',(#69),#1624,.T.);
#1708=ADVANCED_FACE('',(#70),#1625,.T.);
#1709=ADVANCED_FACE('',(#71),#1626,.T.);
#1710=ADVANCED_FACE('',(#72),#1627,.T.);
#1711=ADVANCED_FACE('',(#73),#1628,.T.);
#1712=ADVANCED_FACE('',(#74),#1629,.T.);
#1713=ADVANCED_FACE('',(#75),#1630,.T.);
#1714=ADVANCED_FACE('',(#76),#1631,.T.);
#1715=ADVANCED_FACE('',(#77),#1632,.T.);
#1716=ADVANCED_FACE('',(#78),#1633,.T.);
#1717=ADVANCED_FACE('',(#79),#1634,.T.);
#1718=ADVANCED_FACE('',(#80),#1635,.T.);
#1719=ADVANCED_FACE('',(#81),#1636,.T.);
#1720=ADVANCED_FACE('',(#82),#1637,.T.);
#1721=ADVANCED_FACE('',(#83),#1638,.T.);
#1722=ADVANCED_FACE('',(#84),#1639,.T.);
#1723=ADVANCED_FACE('',(#85),#1640,.T.);
#1724=ADVANCED_FACE('',(#86),#1641,.T.);
#1725=ADVANCED_FACE('',(#87),#1642,.T.);
#1726=ADVANCED_FACE('',(#88),#1643,.T.);
#1727=ADVANCED_FACE('',(#89,#17),#1644,.T.);
#1728=ADVANCED_FACE('',(#90),#1645,.T.);
#1729=ADVANCED_FACE('',(#91),#1646,.F.);
#1730=ADVANCED_FACE('',(#92),#1647,.T.);
#1731=ADVANCED_FACE('',(#93),#1648,.F.);
#1732=ADVANCED_FACE('',(#94),#1649,.T.);
#1733=ADVANCED_FACE('',(#95),#1650,.F.);
#1734=ADVANCED_FACE('',(#96),#1651,.T.);
#1735=ADVANCED_FACE('',(#97),#1652,.T.);
#1736=ADVANCED_FACE('',(#98),#1653,.F.);
#1737=ADVANCED_FACE('',(#99),#1654,.T.);
#1738=ADVANCED_FACE('',(#100),#1655,.T.);
#1739=ADVANCED_FACE('',(#101),#1656,.F.);
#1740=ADVANCED_FACE('',(#102),#1657,.T.);
#1741=ADVANCED_FACE('',(#103),#1658,.T.);
#1742=ADVANCED_FACE('',(#104),#1659,.F.);
#1743=ADVANCED_FACE('',(#105),#1660,.T.);
#1744=ADVANCED_FACE('',(#106),#15,.F.);
#1745=CLOSED_SHELL('',(#1661,#1662,#1663,#1664,#1665,#1666,#1667,#1668,
#1669,#1670,#1671,#1672,#1673,#1674,#1675,#1676,#1677,#1678,#1679,#1680,
#1681,#1682,#1683,#1684,#1685,#1686,#1687,#1688,#1689,#1690,#1691,#1692,
#1693,#1694,#1695,#1696,#1697,#1698,#1699,#1700,#1701,#1702,#1703,#1704,
#1705,#1706,#1707,#1708,#1709,#1710,#1711,#1712,#1713,#1714,#1715,#1716,
#1717,#1718,#1719,#1720,#1721,#1722,#1723,#1724,#1725,#1726,#1727,#1728,
#1729,#1730,#1731,#1732,#1733,#1734,#1735,#1736,#1737,#1738,#1739,#1740,
#1741,#1742,#1743,#1744));
#1746=DERIVED_UNIT_ELEMENT(#1748,1.);
#1747=DERIVED_UNIT_ELEMENT(#2829,-3.);
#1748=(
MASS_UNIT()
NAMED_UNIT(*)
SI_UNIT(.KILO.,.GRAM.)
);
#1749=DERIVED_UNIT((#1746,#1747));
#1750=MEASURE_REPRESENTATION_ITEM('density measure',
POSITIVE_RATIO_MEASURE(7850.),#1749);
#1751=PROPERTY_DEFINITION_REPRESENTATION(#1756,#1753);
#1752=PROPERTY_DEFINITION_REPRESENTATION(#1757,#1754);
#1753=REPRESENTATION('material name',(#1755),#2826);
#1754=REPRESENTATION('density',(#1750),#2826);
#1755=DESCRIPTIVE_REPRESENTATION_ITEM('Steel','Steel');
#1756=PROPERTY_DEFINITION('material property','material name',#2836);
#1757=PROPERTY_DEFINITION('material property','density of part',#2836);
#1758=AXIS2_PLACEMENT_3D('',#2258,#1844,#1845);
#1759=AXIS2_PLACEMENT_3D('',#2259,#1846,#1847);
#1760=AXIS2_PLACEMENT_3D('',#2268,#1852,#1853);
#1761=AXIS2_PLACEMENT_3D('',#2282,#1861,#1862);
#1762=AXIS2_PLACEMENT_3D('',#2291,#1867,#1868);
#1763=AXIS2_PLACEMENT_3D('',#2300,#1873,#1874);
#1764=AXIS2_PLACEMENT_3D('',#2309,#1879,#1880);
#1765=AXIS2_PLACEMENT_3D('',#2318,#1885,#1886);
#1766=AXIS2_PLACEMENT_3D('',#2327,#1891,#1892);
#1767=AXIS2_PLACEMENT_3D('',#2329,#1893,#1894);
#1768=AXIS2_PLACEMENT_3D('',#2332,#1896,#1897);
#1769=AXIS2_PLACEMENT_3D('',#2333,#1898,#1899);
#1770=AXIS2_PLACEMENT_3D('',#2342,#1904,#1905);
#1771=AXIS2_PLACEMENT_3D('',#2351,#1910,#1911);
#1772=AXIS2_PLACEMENT_3D('',#2360,#1916,#1917);
#1773=AXIS2_PLACEMENT_3D('',#2369,#1922,#1923);
#1774=AXIS2_PLACEMENT_3D('',#2373,#1926,#1927);
#1775=AXIS2_PLACEMENT_3D('',#2377,#1930,#1931);
#1776=AXIS2_PLACEMENT_3D('',#2386,#1936,#1937);
#1777=AXIS2_PLACEMENT_3D('',#2388,#1939,#1940);
#1778=AXIS2_PLACEMENT_3D('',#2397,#1945,#1946);
#1779=AXIS2_PLACEMENT_3D('',#2406,#1951,#1952);
#1780=AXIS2_PLACEMENT_3D('',#2415,#1957,#1958);
#1781=AXIS2_PLACEMENT_3D('',#2421,#1962,#1963);
#1782=AXIS2_PLACEMENT_3D('',#2427,#1967,#1968);
#1783=AXIS2_PLACEMENT_3D('',#2554,#2029,#2030);
#1784=AXIS2_PLACEMENT_3D('',#2556,#2032,#2033);
#1785=AXIS2_PLACEMENT_3D('',#2560,#2036,#2037);
#1786=AXIS2_PLACEMENT_3D('',#2564,#2040,#2041);
#1787=AXIS2_PLACEMENT_3D('',#2566,#2043,#2044);
#1788=AXIS2_PLACEMENT_3D('',#2570,#2047,#2048);
#1789=AXIS2_PLACEMENT_3D('',#2574,#2051,#2052);
#1790=AXIS2_PLACEMENT_3D('',#2578,#2055,#2056);
#1791=AXIS2_PLACEMENT_3D('',#2582,#2059,#2060);
#1792=AXIS2_PLACEMENT_3D('',#2584,#2062,#2063);
#1793=AXIS2_PLACEMENT_3D('',#2588,#2066,#2067);
#1794=AXIS2_PLACEMENT_3D('',#2592,#2070,#2071);
#1795=AXIS2_PLACEMENT_3D('',#2594,#2073,#2074);
#1796=AXIS2_PLACEMENT_3D('',#2598,#2077,#2078);
#1797=AXIS2_PLACEMENT_3D('',#2602,#2081,#2082);
#1798=AXIS2_PLACEMENT_3D('',#2604,#2084,#2085);
#1799=AXIS2_PLACEMENT_3D('',#2608,#2088,#2089);
#1800=AXIS2_PLACEMENT_3D('',#2612,#2092,#2093);
#1801=AXIS2_PLACEMENT_3D('',#2614,#2095,#2096);
#1802=AXIS2_PLACEMENT_3D('',#2618,#2099,#2100);
#1803=AXIS2_PLACEMENT_3D('',#2622,#2103,#2104);
#1804=AXIS2_PLACEMENT_3D('',#2628,#2108,#2109);
#1805=AXIS2_PLACEMENT_3D('',#2634,#2113,#2114);
#1806=AXIS2_PLACEMENT_3D('',#2636,#2116,#2117);
#1807=AXIS2_PLACEMENT_3D('',#2642,#2121,#2122);
#1808=AXIS2_PLACEMENT_3D('',#2646,#2125,#2126);
#1809=AXIS2_PLACEMENT_3D('',#2650,#2129,#2130);
#1810=AXIS2_PLACEMENT_3D('',#2654,#2133,#2134);
#1811=AXIS2_PLACEMENT_3D('',#2658,#2137,#2138);
#1812=AXIS2_PLACEMENT_3D('',#2662,#2141,#2142);
#1813=AXIS2_PLACEMENT_3D('',#2664,#2144,#2145);
#1814=AXIS2_PLACEMENT_3D('',#2668,#2148,#2149);
#1815=AXIS2_PLACEMENT_3D('',#2672,#2152,#2153);
#1816=AXIS2_PLACEMENT_3D('',#2674,#2155,#2156);
#1817=AXIS2_PLACEMENT_3D('',#2678,#2159,#2160);
#1818=AXIS2_PLACEMENT_3D('',#2682,#2163,#2164);
#1819=AXIS2_PLACEMENT_3D('',#2684,#2166,#2167);
#1820=AXIS2_PLACEMENT_3D('',#2688,#2170,#2171);
#1821=AXIS2_PLACEMENT_3D('',#2692,#2174,#2175);
#1822=AXIS2_PLACEMENT_3D('',#2696,#2178,#2179);
#1823=AXIS2_PLACEMENT_3D('',#2700,#2182,#2183);
#1824=AXIS2_PLACEMENT_3D('',#2706,#2187,#2188);
#1825=AXIS2_PLACEMENT_3D('',#2710,#2191,#2192);
#1826=AXIS2_PLACEMENT_3D('',#2714,#2195,#2196);
#1827=AXIS2_PLACEMENT_3D('',#2716,#2198,#2199);
#1828=AXIS2_PLACEMENT_3D('',#2762,#2216,#2217);
#1829=AXIS2_PLACEMENT_3D('',#2764,#2219,#2220);
#1830=AXIS2_PLACEMENT_3D('',#2765,#2221,#2222);
#1831=AXIS2_PLACEMENT_3D('',#2767,#2224,#2225);
#1832=AXIS2_PLACEMENT_3D('',#2769,#2227,#2228);
#1833=AXIS2_PLACEMENT_3D('',#2770,#2229,#2230);
#1834=AXIS2_PLACEMENT_3D('',#2772,#2232,#2233);
#1835=AXIS2_PLACEMENT_3D('',#2773,#2234,#2235);
#1836=AXIS2_PLACEMENT_3D('',#2775,#2237,#2238);
#1837=AXIS2_PLACEMENT_3D('',#2777,#2240,#2241);
#1838=AXIS2_PLACEMENT_3D('',#2778,#2242,#2243);
#1839=AXIS2_PLACEMENT_3D('',#2780,#2245,#2246);
#1840=AXIS2_PLACEMENT_3D('',#2782,#2248,#2249);
#1841=AXIS2_PLACEMENT_3D('',#2783,#2250,#2251);
#1842=AXIS2_PLACEMENT_3D('',#2785,#2253,#2254);
#1843=AXIS2_PLACEMENT_3D('',#2787,#2256,#2257);
#1844=DIRECTION('axis',(0.,0.,1.));
#1845=DIRECTION('refdir',(1.,0.,0.));
#1846=DIRECTION('center_axis',(1.,0.,0.));
#1847=DIRECTION('ref_axis',(0.,0.,-1.));
#1848=DIRECTION('',(0.,0.,1.));
#1849=DIRECTION('',(0.,1.,0.));
#1850=DIRECTION('',(0.,0.,-1.));
#1851=DIRECTION('',(0.,-1.,0.));
#1852=DIRECTION('center_axis',(0.,0.,1.));
#1853=DIRECTION('ref_axis',(1.,0.,0.));
#1854=DIRECTION('',(0.,1.,0.));
#1855=DIRECTION('',(1.,0.,0.));
#1856=DIRECTION('',(-1.,0.,0.));
#1857=DIRECTION('',(0.,1.,0.));
#1858=DIRECTION('',(-1.,0.,0.));
#1859=DIRECTION('',(0.,1.,0.));
#1860=DIRECTION('',(1.,0.,0.));
#1861=DIRECTION('center_axis',(-0.939692791402267,0.,-0.342019674560712));
#1862=DIRECTION('ref_axis',(-0.342019674560712,0.,0.939692791402267));
#1863=DIRECTION('',(0.,-1.,0.));
#1864=DIRECTION('',(0.342019674560712,0.,-0.939692791402267));
#1865=DIRECTION('',(0.,1.,0.));
#1866=DIRECTION('',(-0.342019674560712,0.,0.939692791402267));
#1867=DIRECTION('center_axis',(-0.939692624492002,0.,-0.342020133143261));
#1868=DIRECTION('ref_axis',(-0.34202013314326,0.,0.939692624492002));
#1869=DIRECTION('',(0.,-1.,0.));
#1870=DIRECTION('',(0.34202013314326,0.,-0.939692624492002));
#1871=DIRECTION('',(0.,1.,0.));
#1872=DIRECTION('',(-0.34202013314326,0.,0.939692624492002));
#1873=DIRECTION('center_axis',(-0.939692958312368,0.,-0.342019215977919));
#1874=DIRECTION('ref_axis',(-0.342019215977919,0.,0.939692958312368));
#1875=DIRECTION('',(0.,-1.,0.));
#1876=DIRECTION('',(0.342019215977919,0.,-0.939692958312368));
#1877=DIRECTION('',(0.,1.,0.));
#1878=DIRECTION('',(-0.342019215977919,0.,0.939692958312368));
#1879=DIRECTION('center_axis',(-0.939692958312368,0.,-0.342019215977919));
#1880=DIRECTION('ref_axis',(-0.342019215977919,0.,0.939692958312368));
#1881=DIRECTION('',(0.,-1.,0.));
#1882=DIRECTION('',(0.342019215977919,0.,-0.939692958312368));
#1883=DIRECTION('',(0.,1.,0.));
#1884=DIRECTION('',(-0.342019215977919,0.,0.939692958312368));
#1885=DIRECTION('center_axis',(-0.939692624492002,0.,-0.342020133143261));
#1886=DIRECTION('ref_axis',(-0.34202013314326,0.,0.939692624492002));
#1887=DIRECTION('',(-0.34202013314326,0.,0.939692624492002));
#1888=DIRECTION('',(0.,-1.,0.));
#1889=DIRECTION('',(0.34202013314326,0.,-0.939692624492002));
#1890=DIRECTION('',(0.,1.,0.));
#1891=DIRECTION('center_axis',(4.87295467047761E-19,-1.,2.38667710319171E-18));
#1892=DIRECTION('ref_axis',(0.,2.38667710319171E-18,1.));
#1893=DIRECTION('center_axis',(0.,-1.,0.));
#1894=DIRECTION('ref_axis',(0.,2.38667710319171E-18,1.));
#1895=DIRECTION('',(4.87295467047761E-19,-1.,2.38667710319171E-18));
#1896=DIRECTION('center_axis',(0.,1.,0.));
#1897=DIRECTION('ref_axis',(0.,2.38667710319171E-18,1.));
#1898=DIRECTION('center_axis',(-0.939692624492002,0.,-0.342020133143261));
#1899=DIRECTION('ref_axis',(-0.34202013314326,0.,0.939692624492002));
#1900=DIRECTION('',(0.,-1.,0.));
#1901=DIRECTION('',(0.34202013314326,0.,-0.939692624492002));
#1902=DIRECTION('',(0.,1.,0.));
#1903=DIRECTION('',(-0.34202013314326,0.,0.939692624492002));
#1904=DIRECTION('center_axis',(-0.939692290670978,0.,-0.342021050307625));
#1905=DIRECTION('ref_axis',(-0.342021050307625,0.,0.939692290670978));
#1906=DIRECTION('',(0.,-1.,0.));
#1907=DIRECTION('',(0.342021050307625,0.,-0.939692290670978));
#1908=DIRECTION('',(0.,1.,0.));
#1909=DIRECTION('',(-0.342021050307625,0.,0.939692290670978));
#1910=DIRECTION('center_axis',(-0.939692624492002,0.,-0.342020133143261));
#1911=DIRECTION('ref_axis',(-0.34202013314326,0.,0.939692624492002));
#1912=DIRECTION('',(0.,-1.,0.));
#1913=DIRECTION('',(0.34202013314326,0.,-0.939692624492002));
#1914=DIRECTION('',(0.,1.,0.));
#1915=DIRECTION('',(-0.34202013314326,0.,0.939692624492002));
#1916=DIRECTION('center_axis',(-0.939692624492002,0.,-0.342020133143261));
#1917=DIRECTION('ref_axis',(-0.34202013314326,0.,0.939692624492002));
#1918=DIRECTION('',(0.,-1.,0.));
#1919=DIRECTION('',(0.34202013314326,0.,-0.939692624492002));
#1920=DIRECTION('',(0.,1.,0.));
#1921=DIRECTION('',(-0.34202013314326,0.,0.939692624492002));
#1922=DIRECTION('center_axis',(0.,1.,0.));
#1923=DIRECTION('ref_axis',(0.,0.,1.));
#1924=DIRECTION('',(-1.,0.,0.));
#1925=DIRECTION('',(0.,0.,1.));
#1926=DIRECTION('center_axis',(0.,0.,1.));
#1927=DIRECTION('ref_axis',(1.,0.,0.));
#1928=DIRECTION('',(-1.,0.,0.));
#1929=DIRECTION('',(0.,-1.,0.));
#1930=DIRECTION('center_axis',(-0.939692624492002,0.,-0.342020133143261));
#1931=DIRECTION('ref_axis',(-0.34202013314326,0.,0.939692624492002));
#1932=DIRECTION('',(-0.34202013314326,0.,0.939692624492002));
#1933=DIRECTION('',(0.,-1.,0.));
#1934=DIRECTION('',(0.34202013314326,0.,-0.939692624492002));
#1935=DIRECTION('',(0.,1.,0.));
#1936=DIRECTION('center_axis',(0.,1.,0.));
#1937=DIRECTION('ref_axis',(0.,0.,1.));
#1938=DIRECTION('',(0.,0.,-1.));
#1939=DIRECTION('center_axis',(-0.939692624492002,0.,-0.342020133143261));
#1940=DIRECTION('ref_axis',(-0.34202013314326,0.,0.939692624492002));
#1941=DIRECTION('',(-0.34202013314326,0.,0.939692624492002));
#1942=DIRECTION('',(0.,-1.,0.));
#1943=DIRECTION('',(0.34202013314326,0.,-0.939692624492002));
#1944=DIRECTION('',(0.,1.,0.));
#1945=DIRECTION('center_axis',(-0.939693292132076,0.,-0.342018298811599));
#1946=DIRECTION('ref_axis',(-0.342018298811599,0.,0.939693292132076));
#1947=DIRECTION('',(0.,-1.,0.));
#1948=DIRECTION('',(0.342018298811599,0.,-0.939693292132076));
#1949=DIRECTION('',(0.,1.,0.));
#1950=DIRECTION('',(-0.342018298811599,0.,0.939693292132076));
#1951=DIRECTION('center_axis',(-0.939692624492002,0.,0.342020133143261));
#1952=DIRECTION('ref_axis',(0.34202013314326,0.,0.939692624492002));
#1953=DIRECTION('',(0.,-1.,0.));
#1954=DIRECTION('',(0.34202013314326,0.,0.939692624492002));
#1955=DIRECTION('',(0.,1.,0.));
#1956=DIRECTION('',(-0.34202013314326,0.,-0.939692624492002));
#1957=DIRECTION('center_axis',(1.,0.,0.));
#1958=DIRECTION('ref_axis',(0.,0.,-1.));
#1959=DIRECTION('',(0.,0.,1.));
#1960=DIRECTION('',(0.,0.,-1.));
#1961=DIRECTION('',(0.,1.,0.));
#1962=DIRECTION('center_axis',(1.,0.,0.));
#1963=DIRECTION('ref_axis',(0.,0.,-1.));
#1964=DIRECTION('',(0.,0.,-1.));
#1965=DIRECTION('',(0.,-1.,0.));
#1966=DIRECTION('',(0.,0.,1.));
#1967=DIRECTION('center_axis',(0.,-1.,0.));
#1968=DIRECTION('ref_axis',(0.,0.,-1.));
#1969=DIRECTION('',(-0.342021967471012,0.,-0.939691956849295));
#1970=DIRECTION('',(-1.,0.,0.));
#1971=DIRECTION('',(-1.,0.,0.));
#1972=DIRECTION('',(-0.34202013314326,0.,-0.939692624492002));
#1973=DIRECTION('',(-1.,0.,0.));
#1974=DIRECTION('',(-1.,0.,0.));
#1975=DIRECTION('',(-0.34202013314326,0.,-0.939692624492002));
#1976=DIRECTION('',(-1.,0.,0.));
#1977=DIRECTION('',(-1.,0.,0.));
#1978=DIRECTION('',(-1.,0.,0.));
#1979=DIRECTION('',(-0.34202013314326,0.,-0.939692624492002));
#1980=DIRECTION('',(-1.,0.,0.));
#1981=DIRECTION('',(-0.34202013314326,0.,0.939692624492002));
#1982=DIRECTION('',(-1.,0.,0.));
#1983=DIRECTION('',(-0.34202013314326,0.,-0.939692624492002));
#1984=DIRECTION('',(-1.,0.,0.));
#1985=DIRECTION('',(-1.,0.,0.));
#1986=DIRECTION('',(-0.342020591725565,0.,-0.939692457581572));
#1987=DIRECTION('',(-1.,0.,0.));
#1988=DIRECTION('',(-1.,0.,0.));
#1989=DIRECTION('',(-0.342020591725565,0.,-0.939692457581572));
#1990=DIRECTION('',(-1.,0.,0.));
#1991=DIRECTION('',(-1.,0.,0.));
#1992=DIRECTION('',(-0.34202013314326,0.,-0.939692624492002));
#1993=DIRECTION('',(-1.,0.,0.));
#1994=DIRECTION('',(-1.,0.,0.));
#1995=DIRECTION('',(-0.342019215977919,0.,-0.939692958312368));
#1996=DIRECTION('',(-1.,0.,0.));
#1997=DIRECTION('',(-0.342021050307625,0.,0.939692290670978));
#1998=DIRECTION('',(-1.,0.,0.));
#1999=DIRECTION('',(-0.34202013314326,0.,-0.939692624492002));
#2000=DIRECTION('',(-1.,0.,0.));
#2001=DIRECTION('',(-1.,0.,0.));
#2002=DIRECTION('',(-0.34202013314326,0.,-0.939692624492002));
#2003=DIRECTION('',(-1.,0.,0.));
#2004=DIRECTION('',(-1.,0.,0.));
#2005=DIRECTION('',(-0.342021050307625,0.,-0.939692290670978));
#2006=DIRECTION('',(-1.,0.,0.));
#2007=DIRECTION('',(-1.,0.,0.));
#2008=DIRECTION('',(-0.342021050307625,0.,-0.939692290670978));
#2009=DIRECTION('',(-1.,0.,0.));
#2010=DIRECTION('',(-1.,0.,0.));
#2011=DIRECTION('',(-0.34202013314326,0.,-0.939692624492002));
#2012=DIRECTION('',(-1.,0.,0.));
#2013=DIRECTION('',(-0.342018298811599,0.,0.939693292132076));
#2014=DIRECTION('',(-1.,0.,0.));
#2015=DIRECTION('',(-0.342018298811599,0.,-0.939693292132076));
#2016=DIRECTION('',(-1.,0.,0.));
#2017=DIRECTION('',(-1.,0.,0.));
#2018=DIRECTION('',(-0.34202013314326,0.,-0.939692624492002));
#2019=DIRECTION('',(-1.,0.,0.));
#2020=DIRECTION('',(-0.34202013314326,0.,0.939692624492002));
#2021=DIRECTION('',(-1.,0.,0.));
#2022=DIRECTION('',(-0.34202013314326,0.,-0.939692624492002));
#2023=DIRECTION('',(-1.,0.,0.));
#2024=DIRECTION('',(-0.342021967471012,0.,0.939691956849295));
#2025=DIRECTION('',(-1.,0.,0.));
#2026=DIRECTION('',(-1.,0.,0.));
#2027=DIRECTION('',(-0.342021967471012,0.,0.939691956849295));
#2028=DIRECTION('',(-1.,0.,0.));
#2029=DIRECTION('center_axis',(0.,0.,1.));
#2030=DIRECTION('ref_axis',(1.,0.,0.));
#2031=DIRECTION('',(-1.,0.,0.));
#2032=DIRECTION('center_axis',(0.,0.,1.));
#2033=DIRECTION('ref_axis',(1.,0.,0.));
#2034=DIRECTION('',(-1.,0.,0.));
#2035=DIRECTION('',(0.,1.,0.));
#2036=DIRECTION('center_axis',(0.,0.,1.));
#2037=DIRECTION('ref_axis',(1.,0.,0.));
#2038=DIRECTION('',(-1.,0.,0.));
#2039=DIRECTION('',(0.,-1.,0.));
#2040=DIRECTION('center_axis',(-0.939692624492002,0.,0.342020133143261));
#2041=DIRECTION('ref_axis',(0.34202013314326,0.,0.939692624492002));
#2042=DIRECTION('',(-0.34202013314326,0.,-0.939692624492002));
#2043=DIRECTION('center_axis',(0.,0.,1.));
#2044=DIRECTION('ref_axis',(1.,0.,0.));
#2045=DIRECTION('',(-1.,0.,0.));
#2046=DIRECTION('',(0.,1.,0.));
#2047=DIRECTION('center_axis',(-0.939691956849296,0.,0.342021967471012));
#2048=DIRECTION('ref_axis',(0.342021967471012,0.,0.939691956849295));
#2049=DIRECTION('',(-0.342021967471012,0.,-0.939691956849295));
#2050=DIRECTION('',(0.,1.,0.));
#2051=DIRECTION('center_axis',(0.,0.,1.));
#2052=DIRECTION('ref_axis',(1.,0.,0.));
#2053=DIRECTION('',(-1.,0.,0.));
#2054=DIRECTION('',(0.,1.,0.));
#2055=DIRECTION('center_axis',(-0.939692624492002,0.,0.342020133143261));
#2056=DIRECTION('ref_axis',(0.34202013314326,0.,0.939692624492002));
#2057=DIRECTION('',(-0.34202013314326,0.,-0.939692624492002));
#2058=DIRECTION('',(0.,1.,0.));
#2059=DIRECTION('center_axis',(0.,0.,1.));
#2060=DIRECTION('ref_axis',(1.,0.,0.));
#2061=DIRECTION('',(-1.,0.,0.));
#2062=DIRECTION('center_axis',(0.,0.,1.));
#2063=DIRECTION('ref_axis',(1.,0.,0.));
#2064=DIRECTION('',(-1.,0.,0.));
#2065=DIRECTION('',(0.,-1.,0.));
#2066=DIRECTION('center_axis',(0.,0.,1.));
#2067=DIRECTION('ref_axis',(1.,0.,0.));
#2068=DIRECTION('',(-1.,0.,0.));
#2069=DIRECTION('',(0.,1.,0.));
#2070=DIRECTION('center_axis',(-0.939692624492002,0.,0.342020133143261));
#2071=DIRECTION('ref_axis',(0.34202013314326,0.,0.939692624492002));
#2072=DIRECTION('',(-0.34202013314326,0.,-0.939692624492002));
#2073=DIRECTION('center_axis',(0.,0.,1.));
#2074=DIRECTION('ref_axis',(1.,0.,0.));
#2075=DIRECTION('',(-1.,0.,0.));
#2076=DIRECTION('',(0.,-1.,0.));
#2077=DIRECTION('center_axis',(0.,0.,1.));
#2078=DIRECTION('ref_axis',(1.,0.,0.));
#2079=DIRECTION('',(-1.,0.,0.));
#2080=DIRECTION('',(0.,1.,0.));
#2081=DIRECTION('center_axis',(-0.939692290670978,0.,0.342021050307625));
#2082=DIRECTION('ref_axis',(0.342021050307625,0.,0.939692290670978));
#2083=DIRECTION('',(-0.342021050307625,0.,-0.939692290670978));
#2084=DIRECTION('center_axis',(0.,0.,1.));
#2085=DIRECTION('ref_axis',(1.,0.,0.));
#2086=DIRECTION('',(-1.,0.,0.));
#2087=DIRECTION('',(0.,-1.,0.));
#2088=DIRECTION('center_axis',(0.,0.,1.));
#2089=DIRECTION('ref_axis',(1.,0.,0.));
#2090=DIRECTION('',(-1.,0.,0.));
#2091=DIRECTION('',(0.,1.,0.));
#2092=DIRECTION('center_axis',(-0.939692290670978,0.,0.342021050307625));
#2093=DIRECTION('ref_axis',(0.342021050307625,0.,0.939692290670978));
#2094=DIRECTION('',(-0.342021050307625,0.,-0.939692290670978));
#2095=DIRECTION('center_axis',(0.,0.,1.));
#2096=DIRECTION('ref_axis',(1.,0.,0.));
#2097=DIRECTION('',(-1.,0.,0.));
#2098=DIRECTION('',(0.,1.,0.));
#2099=DIRECTION('center_axis',(-0.939693292132076,0.,0.342018298811599));
#2100=DIRECTION('ref_axis',(0.342018298811599,0.,0.939693292132076));
#2101=DIRECTION('',(-0.342018298811599,0.,-0.939693292132076));
#2102=DIRECTION('',(0.,1.,0.));
#2103=DIRECTION('center_axis',(-0.939692624492002,0.,0.342020133143261));
#2104=DIRECTION('ref_axis',(0.34202013314326,0.,0.939692624492002));
#2105=DIRECTION('',(0.,-1.,0.));
#2106=DIRECTION('',(0.,1.,0.));
#2107=DIRECTION('',(-0.34202013314326,0.,-0.939692624492002));
#2108=DIRECTION('center_axis',(-0.939692624492002,0.,0.342020133143261));
#2109=DIRECTION('ref_axis',(0.34202013314326,0.,0.939692624492002));
#2110=DIRECTION('',(0.,-1.,0.));
#2111=DIRECTION('',(0.,1.,0.));
#2112=DIRECTION('',(-0.34202013314326,0.,-0.939692624492002));
#2113=DIRECTION('center_axis',(0.,0.,1.));
#2114=DIRECTION('ref_axis',(1.,0.,0.));
#2115=DIRECTION('',(-1.,0.,0.));
#2116=DIRECTION('center_axis',(0.,0.,1.));
#2117=DIRECTION('ref_axis',(1.,0.,0.));
#2118=DIRECTION('',(0.,-1.,0.));
#2119=DIRECTION('',(0.,1.,0.));
#2120=DIRECTION('',(-1.,0.,0.));
#2121=DIRECTION('center_axis',(0.,0.,1.));
#2122=DIRECTION('ref_axis',(1.,0.,0.));
#2123=DIRECTION('',(0.,-1.,0.));
#2124=DIRECTION('',(-1.,0.,0.));
#2125=DIRECTION('center_axis',(0.,0.,1.));
#2126=DIRECTION('ref_axis',(1.,0.,0.));
#2127=DIRECTION('',(-1.,0.,0.));
#2128=DIRECTION('',(0.,1.,0.));
#2129=DIRECTION('center_axis',(-0.939692624492002,0.,0.342020133143261));
#2130=DIRECTION('ref_axis',(0.34202013314326,0.,0.939692624492002));
#2131=DIRECTION('',(-0.34202013314326,0.,-0.939692624492002));
#2132=DIRECTION('',(0.,1.,0.));
#2133=DIRECTION('center_axis',(0.,0.,1.));
#2134=DIRECTION('ref_axis',(1.,0.,0.));
#2135=DIRECTION('',(-1.,0.,0.));
#2136=DIRECTION('',(0.,-1.,0.));
#2137=DIRECTION('center_axis',(0.,0.,1.));
#2138=DIRECTION('ref_axis',(1.,0.,0.));
#2139=DIRECTION('',(-1.,0.,0.));
#2140=DIRECTION('',(0.,1.,0.));
#2141=DIRECTION('center_axis',(-0.939692457581572,0.,0.342020591725565));
#2142=DIRECTION('ref_axis',(0.342020591725565,0.,0.939692457581572));
#2143=DIRECTION('',(-0.342020591725565,0.,-0.939692457581572));
#2144=DIRECTION('center_axis',(0.,0.,1.));
#2145=DIRECTION('ref_axis',(1.,0.,0.));
#2146=DIRECTION('',(-1.,0.,0.));
#2147=DIRECTION('',(0.,-1.,0.));
#2148=DIRECTION('center_axis',(0.,0.,1.));
#2149=DIRECTION('ref_axis',(1.,0.,0.));
#2150=DIRECTION('',(-1.,0.,0.));
#2151=DIRECTION('',(0.,1.,0.));
#2152=DIRECTION('center_axis',(-0.939692457581572,0.,0.342020591725565));
#2153=DIRECTION('ref_axis',(0.342020591725565,0.,0.939692457581572));
#2154=DIRECTION('',(-0.342020591725565,0.,-0.939692457581572));
#2155=DIRECTION('center_axis',(0.,0.,1.));
#2156=DIRECTION('ref_axis',(1.,0.,0.));
#2157=DIRECTION('',(-1.,0.,0.));
#2158=DIRECTION('',(0.,-1.,0.));
#2159=DIRECTION('center_axis',(0.,0.,1.));
#2160=DIRECTION('ref_axis',(1.,0.,0.));
#2161=DIRECTION('',(-1.,0.,0.));
#2162=DIRECTION('',(0.,1.,0.));
#2163=DIRECTION('center_axis',(-0.939692624492002,0.,0.342020133143261));
#2164=DIRECTION('ref_axis',(0.34202013314326,0.,0.939692624492002));
#2165=DIRECTION('',(-0.34202013314326,0.,-0.939692624492002));
#2166=DIRECTION('center_axis',(0.,0.,1.));
#2167=DIRECTION('ref_axis',(1.,0.,0.));
#2168=DIRECTION('',(-1.,0.,0.));
#2169=DIRECTION('',(0.,-1.,0.));
#2170=DIRECTION('center_axis',(-0.939692958312368,0.,0.342019215977919));
#2171=DIRECTION('ref_axis',(0.342019215977919,0.,0.939692958312368));
#2172=DIRECTION('',(0.,-1.,0.));
#2173=DIRECTION('',(-0.342019215977919,0.,-0.939692958312368));
#2174=DIRECTION('center_axis',(0.,0.,1.));
#2175=DIRECTION('ref_axis',(1.,0.,0.));
#2176=DIRECTION('',(-1.,0.,0.));
#2177=DIRECTION('',(0.,1.,0.));
#2178=DIRECTION('center_axis',(-0.939692624492002,0.,0.342020133143261));
#2179=DIRECTION('ref_axis',(0.34202013314326,0.,0.939692624492002));
#2180=DIRECTION('',(-0.34202013314326,0.,-0.939692624492002));
#2181=DIRECTION('',(0.,1.,0.));
#2182=DIRECTION('center_axis',(0.,0.,1.));
#2183=DIRECTION('ref_axis',(1.,0.,0.));
#2184=DIRECTION('',(-1.,0.,0.));
#2185=DIRECTION('',(0.,-1.,0.));
#2186=DIRECTION('',(0.,-1.,0.));
#2187=DIRECTION('center_axis',(-0.939692624492002,0.,0.342020133143261));
#2188=DIRECTION('ref_axis',(0.34202013314326,0.,0.939692624492002));
#2189=DIRECTION('',(-0.34202013314326,0.,-0.939692624492002));
#2190=DIRECTION('',(0.,-1.,0.));
#2191=DIRECTION('center_axis',(0.,0.,1.));
#2192=DIRECTION('ref_axis',(1.,0.,0.));
#2193=DIRECTION('',(0.,-1.,0.));
#2194=DIRECTION('',(-1.,0.,0.));
#2195=DIRECTION('center_axis',(-0.939692624492002,0.,0.342020133143261));
#2196=DIRECTION('ref_axis',(0.34202013314326,0.,0.939692624492002));
#2197=DIRECTION('',(-0.34202013314326,0.,-0.939692624492002));
#2198=DIRECTION('center_axis',(0.,-1.,0.));
#2199=DIRECTION('ref_axis',(0.,0.,-1.));
#2200=DIRECTION('',(1.,0.,0.));
#2201=DIRECTION('',(0.342021967471012,0.,-0.939691956849295));
#2202=DIRECTION('',(1.,0.,0.));
#2203=DIRECTION('',(1.,0.,0.));
#2204=DIRECTION('',(0.342021967471012,0.,-0.939691956849295));
#2205=DIRECTION('',(1.,0.,0.));
#2206=DIRECTION('',(1.,0.,0.));
#2207=DIRECTION('',(0.34202013314326,0.,-0.939692624492002));
#2208=DIRECTION('',(1.,0.,0.));
#2209=DIRECTION('',(1.,0.,0.));
#2210=DIRECTION('',(0.342018298811599,0.,-0.939693292132076));
#2211=DIRECTION('',(1.,0.,0.));
#2212=DIRECTION('',(0.342021050307625,0.,-0.939692290670978));
#2213=DIRECTION('',(1.,0.,0.));
#2214=DIRECTION('',(1.,0.,0.));
#2215=DIRECTION('',(0.34202013314326,0.,-0.939692624492002));
#2216=DIRECTION('center_axis',(0.,0.,1.));
#2217=DIRECTION('ref_axis',(1.,0.,0.));
#2218=DIRECTION('',(0.,1.,0.));
#2219=DIRECTION('center_axis',(-0.939692624492002,0.,-0.342020133143261));
#2220=DIRECTION('ref_axis',(-0.34202013314326,0.,0.939692624492002));
#2221=DIRECTION('center_axis',(0.,0.,1.));
#2222=DIRECTION('ref_axis',(1.,0.,0.));
#2223=DIRECTION('',(0.,-1.,0.));
#2224=DIRECTION('center_axis',(-0.939692290670978,0.,-0.342021050307625));
#2225=DIRECTION('ref_axis',(-0.342021050307625,0.,0.939692290670978));
#2226=DIRECTION('',(0.,-1.,0.));
#2227=DIRECTION('center_axis',(0.,0.,1.));
#2228=DIRECTION('ref_axis',(1.,0.,0.));
#2229=DIRECTION('center_axis',(-0.939693292132076,0.,-0.342018298811599));
#2230=DIRECTION('ref_axis',(-0.342018298811599,0.,0.939693292132076));
#2231=DIRECTION('',(0.,-1.,0.));
#2232=DIRECTION('center_axis',(0.,0.,1.));
#2233=DIRECTION('ref_axis',(1.,0.,0.));
#2234=DIRECTION('center_axis',(0.,0.,1.));
#2235=DIRECTION('ref_axis',(1.,0.,0.));
#2236=DIRECTION('',(0.,1.,0.));
#2237=DIRECTION('center_axis',(-0.939692624492002,0.,-0.342020133143261));
#2238=DIRECTION('ref_axis',(-0.34202013314326,0.,0.939692624492002));
#2239=DIRECTION('',(0.,1.,0.));
#2240=DIRECTION('center_axis',(0.,0.,1.));
#2241=DIRECTION('ref_axis',(1.,0.,0.));
#2242=DIRECTION('center_axis',(0.,0.,1.));
#2243=DIRECTION('ref_axis',(1.,0.,0.));
#2244=DIRECTION('',(0.,1.,0.));
#2245=DIRECTION('center_axis',(-0.939691956849296,0.,-0.342021967471012));
#2246=DIRECTION('ref_axis',(-0.342021967471012,0.,0.939691956849295));
#2247=DIRECTION('',(0.,1.,0.));
#2248=DIRECTION('center_axis',(0.,0.,1.));
#2249=DIRECTION('ref_axis',(1.,0.,0.));
#2250=DIRECTION('center_axis',(0.,0.,1.));
#2251=DIRECTION('ref_axis',(1.,0.,0.));
#2252=DIRECTION('',(0.,1.,0.));
#2253=DIRECTION('center_axis',(-0.939691956849296,0.,-0.342021967471012));
#2254=DIRECTION('ref_axis',(-0.342021967471012,0.,0.939691956849295));
#2255=DIRECTION('',(0.,1.,0.));
#2256=DIRECTION('center_axis',(0.,0.,1.));
#2257=DIRECTION('ref_axis',(1.,0.,0.));
#2258=CARTESIAN_POINT('',(0.,0.,0.));
#2259=CARTESIAN_POINT('Origin',(-9.21571846612679E-16,5.,2.5));
#2260=CARTESIAN_POINT('',(-9.36750677027476E-16,9.49999988079071,-2.5));
#2261=CARTESIAN_POINT('',(-9.36750677027476E-16,9.49999988079071,7.5));
#2262=CARTESIAN_POINT('',(-9.36750677027476E-16,9.49999988079071,2.5));
#2263=CARTESIAN_POINT('',(-9.36750677027476E-16,0.50000011920929,-2.5));
#2264=CARTESIAN_POINT('',(-1.11022302462516E-15,5.,-2.5));
#2265=CARTESIAN_POINT('',(-9.36750677027476E-16,0.50000011920929,7.5));
#2266=CARTESIAN_POINT('',(-9.36750677027476E-16,0.50000011920929,2.5));
#2267=CARTESIAN_POINT('',(-9.36750677027476E-16,5.,7.5));
#2268=CARTESIAN_POINT('Origin',(16.2579637393355,5.,-2.5));
#2269=CARTESIAN_POINT('',(1.10000006854534,0.50000011920929,-2.5));
#2270=CARTESIAN_POINT('',(1.10000006854534,2.5,-2.5));
#2271=CARTESIAN_POINT('',(1.10000006854534,5.,-2.5));
#2272=CARTESIAN_POINT('',(8.4039818868041,0.50000011920929,-2.5));
#2273=CARTESIAN_POINT('',(1.10000006854534,9.49999988079071,-2.5));
#2274=CARTESIAN_POINT('',(8.4039818868041,9.49999988079071,-2.5));
#2275=CARTESIAN_POINT('',(1.10000006854534,7.5,-2.5));
#2276=CARTESIAN_POINT('',(1.10000006854534,5.,-2.5));
#2277=CARTESIAN_POINT('',(62.8318548202515,7.5,-2.5));
#2278=CARTESIAN_POINT('',(17.5156167450245,7.5,-2.5));
#2279=CARTESIAN_POINT('',(62.8318548202515,2.5,-2.5));
#2280=CARTESIAN_POINT('',(62.8318548202515,5.,-2.5));
#2281=CARTESIAN_POINT('',(17.5156167450245,2.5,-2.5));
#2282=CARTESIAN_POINT('Origin',(11.809543967247,5.,2.8785003721714));
#2283=CARTESIAN_POINT('',(12.2020852565765,7.5,1.8000003695488));
#2284=CARTESIAN_POINT('',(12.2020852565765,2.5,1.8000003695488));
#2285=CARTESIAN_POINT('',(12.2020852565765,5.,1.8000003695488));
#2286=CARTESIAN_POINT('',(11.4170026779175,7.5,3.95700037479401));
#2287=CARTESIAN_POINT('',(12.2621585414677,7.5,1.6349501196162));
#2288=CARTESIAN_POINT('',(11.4170026779175,2.5,3.95700037479401));
#2289=CARTESIAN_POINT('',(11.4170026779175,5.,3.95700037479401));
#2290=CARTESIAN_POINT('',(12.2621585414677,2.5,1.6349501196162));
#2291=CARTESIAN_POINT('Origin',(14.951137304306,5.,2.8785003721714));
#2292=CARTESIAN_POINT('',(15.343679189682,7.5,1.8000003695488));
#2293=CARTESIAN_POINT('',(15.343679189682,2.5,1.8000003695488));
#2294=CARTESIAN_POINT('',(15.343679189682,5.,1.8000003695488));
#2295=CARTESIAN_POINT('',(14.5585954189301,7.5,3.95700037479401));
#2296=CARTESIAN_POINT('',(15.2200047297323,7.5,2.13979316708019));
#2297=CARTESIAN_POINT('',(14.5585954189301,2.5,3.95700037479401));
#2298=CARTESIAN_POINT('',(14.5585954189301,5.,3.95700037479401));
#2299=CARTESIAN_POINT('',(15.2200047297323,2.5,2.13979316708019));
#2300=CARTESIAN_POINT('Origin',(18.0927288532257,5.,2.8785003721714));
#2301=CARTESIAN_POINT('',(18.4852695465088,7.5,1.8000003695488));
#2302=CARTESIAN_POINT('',(18.4852695465088,2.5,1.8000003695488));
#2303=CARTESIAN_POINT('',(18.4852695465088,5.,1.8000003695488));
#2304=CARTESIAN_POINT('',(17.7001881599426,7.5,3.95700037479401));
#2305=CARTESIAN_POINT('',(18.1778477706151,7.5,2.64463735058282));
#2306=CARTESIAN_POINT('',(17.7001881599426,2.5,3.95700037479401));
#2307=CARTESIAN_POINT('',(17.7001881599426,5.,3.95700037479401));
#2308=CARTESIAN_POINT('',(18.1778477706151,2.5,2.64463735058282));
#2309=CARTESIAN_POINT('Origin',(21.2343227863312,5.,2.8785003721714));
#2310=CARTESIAN_POINT('',(21.6268634796143,7.5,1.8000003695488));
#2311=CARTESIAN_POINT('',(21.6268634796143,2.5,1.8000003695488));
#2312=CARTESIAN_POINT('',(21.6268634796143,5.,1.8000003695488));
#2313=CARTESIAN_POINT('',(20.8417820930481,7.5,3.95700037479401));
#2314=CARTESIAN_POINT('',(21.1356943606152,7.5,3.14948057680634));
#2315=CARTESIAN_POINT('',(20.8417820930481,2.5,3.95700037479401));
#2316=CARTESIAN_POINT('',(20.8417820930481,5.,3.95700037479401));
#2317=CARTESIAN_POINT('',(21.1356943606152,2.5,3.14948057680634));
#2318=CARTESIAN_POINT('Origin',(27.5175070762634,5.,2.8785003721714));
#2319=CARTESIAN_POINT('',(27.9100489616394,2.5,1.8000003695488));
#2320=CARTESIAN_POINT('',(27.1249651908875,2.5,3.95700037479401));
#2321=CARTESIAN_POINT('',(27.0513815359604,2.5,4.15916981196331));
#2322=CARTESIAN_POINT('',(27.9100489616394,7.5,1.8000003695488));
#2323=CARTESIAN_POINT('',(27.9100489616394,5.,1.8000003695488));
#2324=CARTESIAN_POINT('',(27.1249651908875,7.5,3.95700037479401));
#2325=CARTESIAN_POINT('',(27.0513815359604,7.5,4.15916981196331));
#2326=CARTESIAN_POINT('',(27.1249651908875,5.,3.95700037479401));
#2327=CARTESIAN_POINT('Origin',(2.77730808514613,2.5,1.80000008483618));
#2328=CARTESIAN_POINT('',(2.77730808514613,7.5,0.55000002112008));
#2329=CARTESIAN_POINT('Origin',(2.77730808514613,7.5,1.80000008483618));
#2330=CARTESIAN_POINT('',(2.77730808514613,2.5,0.55000002112008));
#2331=CARTESIAN_POINT('',(2.77730808514613,2.5,0.55000002112008));
#2332=CARTESIAN_POINT('Origin',(2.77730808514613,2.5,1.80000008483618));
#2333=CARTESIAN_POINT('Origin',(30.6591010093689,5.,2.8785003721714));
#2334=CARTESIAN_POINT('',(31.0516428947449,7.5,1.8000003695488));
#2335=CARTESIAN_POINT('',(31.0516428947449,2.5,1.8000003695488));
#2336=CARTESIAN_POINT('',(31.0516428947449,5.,1.8000003695488));
#2337=CARTESIAN_POINT('',(30.2665591239929,7.5,3.95700037479401));
#2338=CARTESIAN_POINT('',(30.0092271404783,7.5,4.66401421264112));
#2339=CARTESIAN_POINT('',(30.2665591239929,2.5,3.95700037479401));
#2340=CARTESIAN_POINT('',(30.2665591239929,5.,3.95700037479401));
#2341=CARTESIAN_POINT('',(30.0092271404783,2.5,4.66401421264112));
#2342=CARTESIAN_POINT('Origin',(33.8006937503815,5.,2.8785003721714));
#2343=CARTESIAN_POINT('',(34.1932368278503,7.5,1.8000003695488));
#2344=CARTESIAN_POINT('',(34.1932368278503,2.5,1.8000003695488));
#2345=CARTESIAN_POINT('',(34.1932368278503,5.,1.8000003695488));
#2346=CARTESIAN_POINT('',(33.4081506729126,7.5,3.95700037479401));
#2347=CARTESIAN_POINT('',(32.9670670141079,7.5,5.16886412805392));
#2348=CARTESIAN_POINT('',(33.4081506729126,2.5,3.95700037479401));
#2349=CARTESIAN_POINT('',(33.4081506729126,5.,3.95700037479401));
#2350=CARTESIAN_POINT('',(32.9670670141079,2.5,5.16886412805392));
#2351=CARTESIAN_POINT('Origin',(36.942286491394,5.,2.8785003721714));
#2352=CARTESIAN_POINT('',(37.33482837677,7.5,1.8000003695488));
#2353=CARTESIAN_POINT('',(37.33482837677,2.5,1.8000003695488));
#2354=CARTESIAN_POINT('',(37.33482837677,5.,1.8000003695488));
#2355=CARTESIAN_POINT('',(36.5497446060181,7.5,3.95700037479401));
#2356=CARTESIAN_POINT('',(35.9249161047767,7.5,5.6737026308655));
#2357=CARTESIAN_POINT('',(36.5497446060181,2.5,3.95700037479401));
#2358=CARTESIAN_POINT('',(36.5497446060181,5.,3.95700037479401));
#2359=CARTESIAN_POINT('',(35.9249161047767,2.5,5.6737026308655));
#2360=CARTESIAN_POINT('Origin',(55.7918405532837,5.,2.8785003721714));
#2361=CARTESIAN_POINT('',(56.1843824386597,7.5,1.8000003695488));
#2362=CARTESIAN_POINT('',(56.1843824386597,2.5,1.8000003695488));
#2363=CARTESIAN_POINT('',(56.1843824386597,5.,1.8000003695488));
#2364=CARTESIAN_POINT('',(55.3992986679077,7.5,3.95700037479401));
#2365=CARTESIAN_POINT('',(53.6719807529345,7.5,8.70276750240735));
#2366=CARTESIAN_POINT('',(55.3992986679077,2.5,3.95700037479401));
#2367=CARTESIAN_POINT('',(55.3992986679077,5.,3.95700037479401));
#2368=CARTESIAN_POINT('',(53.6719807529345,2.5,8.70276750240735));
#2369=CARTESIAN_POINT('Origin',(0.55000003427267,9.49999988079071,2.5));
#2370=CARTESIAN_POINT('',(1.10000006854534,9.49999988079071,7.5));
#2371=CARTESIAN_POINT('',(0.55000003427267,9.49999988079071,7.5));
#2372=CARTESIAN_POINT('',(1.10000006854534,9.49999988079071,2.25000001490116));
#2373=CARTESIAN_POINT('Origin',(0.55000003427267,5.,7.5));
#2374=CARTESIAN_POINT('',(1.10000006854534,0.50000011920929,7.5));
#2375=CARTESIAN_POINT('',(0.55000003427267,0.50000011920929,7.5));
#2376=CARTESIAN_POINT('',(1.10000006854534,5.,7.5));
#2377=CARTESIAN_POINT('Origin',(58.9334344863892,5.,2.8785003721714));
#2378=CARTESIAN_POINT('',(59.3259763717651,2.5,1.8000003695488));
#2379=CARTESIAN_POINT('',(58.5408926010132,2.5,3.95700037479401));
#2380=CARTESIAN_POINT('',(56.6298263574524,2.5,9.20761190308517));
#2381=CARTESIAN_POINT('',(59.3259763717651,7.5,1.8000003695488));
#2382=CARTESIAN_POINT('',(59.3259763717651,5.,1.8000003695488));
#2383=CARTESIAN_POINT('',(58.5408926010132,7.5,3.95700037479401));
#2384=CARTESIAN_POINT('',(56.6298263574524,7.5,9.20761190308517));
#2385=CARTESIAN_POINT('',(58.5408926010132,5.,3.95700037479401));
#2386=CARTESIAN_POINT('Origin',(0.55000003427267,0.50000011920929,2.5));
#2387=CARTESIAN_POINT('',(1.10000006854534,0.50000011920929,2.25000001490116));
#2388=CARTESIAN_POINT('Origin',(62.0750284194946,5.,2.8785003721714));
#2389=CARTESIAN_POINT('',(62.4675703048706,2.5,1.8000003695488));
#2390=CARTESIAN_POINT('',(61.6824865341187,2.5,3.95700037479401));
#2391=CARTESIAN_POINT('',(59.5876719619703,2.5,9.71245630376299));
#2392=CARTESIAN_POINT('',(62.4675703048706,7.5,1.8000003695488));
#2393=CARTESIAN_POINT('',(62.4675703048706,5.,1.8000003695488));
#2394=CARTESIAN_POINT('',(61.6824865341187,7.5,3.95700037479401));
#2395=CARTESIAN_POINT('',(59.5876719619703,7.5,9.71245630376299));
#2396=CARTESIAN_POINT('',(61.6824865341187,5.,3.95700037479401));
#2397=CARTESIAN_POINT('Origin',(43.2254719734192,5.,2.8785003721714));
#2398=CARTESIAN_POINT('',(43.6180114746094,7.5,1.8000003695488));
#2399=CARTESIAN_POINT('',(43.6180114746094,2.5,1.8000003695488));
#2400=CARTESIAN_POINT('',(43.6180114746094,5.,1.8000003695488));
#2401=CARTESIAN_POINT('',(42.832932472229,7.5,3.95700037479401));
#2402=CARTESIAN_POINT('',(41.8406201989767,7.5,6.68337258971807));
#2403=CARTESIAN_POINT('',(42.832932472229,2.5,3.95700037479401));
#2404=CARTESIAN_POINT('',(42.832932472229,5.,3.95700037479401));
#2405=CARTESIAN_POINT('',(41.8406201989767,2.5,6.68337258971807));
#2406=CARTESIAN_POINT('Origin',(51.022310256958,5.,2.8785003721714));
#2407=CARTESIAN_POINT('',(51.414852142334,7.5,3.95700037479401));
#2408=CARTESIAN_POINT('',(51.414852142334,2.5,3.95700037479401));
#2409=CARTESIAN_POINT('',(51.414852142334,5.,3.95700037479401));
#2410=CARTESIAN_POINT('',(50.629768371582,7.5,1.8000003695488));
#2411=CARTESIAN_POINT('',(49.0907846541448,7.5,-2.42832278557753));
#2412=CARTESIAN_POINT('',(50.629768371582,2.5,1.8000003695488));
#2413=CARTESIAN_POINT('',(50.629768371582,5.,1.8000003695488));
#2414=CARTESIAN_POINT('',(49.0907846541448,2.5,-2.42832278557753));
#2415=CARTESIAN_POINT('Origin',(62.8318548202515,5.,-0.349999815225601));
#2416=CARTESIAN_POINT('',(62.8318548202515,2.5,1.8000003695488));
#2417=CARTESIAN_POINT('',(62.8318548202515,2.5,1.12325453436842));
#2418=CARTESIAN_POINT('',(62.8318548202515,7.5,1.8000003695488));
#2419=CARTESIAN_POINT('',(62.8318548202515,7.5,1.12325453436842));
#2420=CARTESIAN_POINT('',(62.8318548202515,5.,1.8000003695488));
#2421=CARTESIAN_POINT('Origin',(1.10000006854534,5.,2.00000002980232));
#2422=CARTESIAN_POINT('',(1.10000006854534,2.5,5.50000011920929));
#2423=CARTESIAN_POINT('',(1.10000006854534,2.5,2.29825445688238));
#2424=CARTESIAN_POINT('',(1.10000006854534,7.5,5.50000011920929));
#2425=CARTESIAN_POINT('',(1.10000006854534,5.,5.50000011920929));
#2426=CARTESIAN_POINT('',(1.10000006854534,7.5,2.29825445688238));
#2427=CARTESIAN_POINT('Origin',(18.7732697507135,7.5,2.59650888396244));
#2428=CARTESIAN_POINT('',(54.5564460754395,7.5,3.95700037479401));
#2429=CARTESIAN_POINT('',(53.7713575363159,7.5,1.8000003695488));
#2430=CARTESIAN_POINT('',(52.0486055997576,7.5,-2.93319308700185));
#2431=CARTESIAN_POINT('',(36.8755710611936,7.5,3.95700037479401));
#2432=CARTESIAN_POINT('',(56.9129514694214,7.5,1.8000003695488));
#2433=CARTESIAN_POINT('',(37.660968352377,7.5,1.8000003695488));
#2434=CARTESIAN_POINT('',(57.6980352401733,7.5,3.95700037479401));
#2435=CARTESIAN_POINT('',(55.0064713737058,7.5,-3.43801082067064));
#2436=CARTESIAN_POINT('',(38.4463668356534,7.5,3.95700037479401));
#2437=CARTESIAN_POINT('',(60.0545454025269,7.5,1.8000003695488));
#2438=CARTESIAN_POINT('',(39.2317653189298,7.5,1.8000003695488));
#2439=CARTESIAN_POINT('',(60.8396291732788,7.5,3.95700037479401));
#2440=CARTESIAN_POINT('',(57.9643169782237,7.5,-3.94285522134846));
#2441=CARTESIAN_POINT('',(40.0171638022061,7.5,3.95700037479401));
#2442=CARTESIAN_POINT('',(40.7114911566373,7.5,1.8000003695488));
#2443=CARTESIAN_POINT('',(6.00000023841858,7.5,1.8000003695488));
#2444=CARTESIAN_POINT('Ctrl Pts',(1.10000006854534,7.5,5.50000011920929));
#2445=CARTESIAN_POINT('Ctrl Pts',(1.72307428977333,7.5,5.50000011920929));
#2446=CARTESIAN_POINT('Ctrl Pts',(2.34167605625278,7.5,5.50686245491411));
#2447=CARTESIAN_POINT('Ctrl Pts',(2.96687319491741,7.5,5.50002108290735));
#2448=CARTESIAN_POINT('Ctrl Pts',(3.27947176424972,7.5,5.49660039690397));
#2449=CARTESIAN_POINT('Ctrl Pts',(3.59371917662833,7.5,5.48975378397269));
#2450=CARTESIAN_POINT('Ctrl Pts',(3.90013313932374,7.5,5.43320392047441));
#2451=CARTESIAN_POINT('Ctrl Pts',(4.20654710201914,7.5,5.37665405697613));
#2452=CARTESIAN_POINT('Ctrl Pts',(4.50512761503134,7.5,5.27040094291084));
#2453=CARTESIAN_POINT('Ctrl Pts',(4.77382026794052,7.5,5.11263481112703));
#2454=CARTESIAN_POINT('Ctrl Pts',(5.0425129208497,7.5,4.95486867934321));
#2455=CARTESIAN_POINT('Ctrl Pts',(5.28131771365585,7.5,4.74558952984086));
#2456=CARTESIAN_POINT('Ctrl Pts',(5.46771047842957,7.5,4.49616637626097));
#2457=CARTESIAN_POINT('Ctrl Pts',(5.65410324320329,7.5,4.24674322268108));
#2458=CARTESIAN_POINT('Ctrl Pts',(5.78808397994459,7.5,3.95717606502364));
#2459=CARTESIAN_POINT('Ctrl Pts',(5.87117722499339,7.5,3.65802383114846));
#2460=CARTESIAN_POINT('Ctrl Pts',(6.03736371509099,7.5,3.0597193633981));
#2461=CARTESIAN_POINT('Ctrl Pts',(6.00000023841858,7.5,2.42307459077679));
#2462=CARTESIAN_POINT('Ctrl Pts',(6.00000023841858,7.5,1.8000003695488));
#2463=CARTESIAN_POINT('',(6.64746999740601,7.5,1.8000003695488));
#2464=CARTESIAN_POINT('',(12.5485024343129,7.5,1.8000003695488));
#2465=CARTESIAN_POINT('',(7.43255376815796,7.5,3.95700037479401));
#2466=CARTESIAN_POINT('',(7.68096190405594,7.5,4.63949614199308));
#2467=CARTESIAN_POINT('',(8.27540993690491,7.5,3.95700037479401));
#2468=CARTESIAN_POINT('',(13.3136258016225,7.5,3.95700037479401));
#2469=CARTESIAN_POINT('',(9.06049370765686,7.5,1.8000003695488));
#2470=CARTESIAN_POINT('',(9.30431576543385,7.5,1.13010474885582));
#2471=CARTESIAN_POINT('',(9.78906273841858,7.5,1.8000003695488));
#2472=CARTESIAN_POINT('',(14.0990239868756,7.5,1.8000003695488));
#2473=CARTESIAN_POINT('',(10.5741465091705,7.5,3.95700037479401));
#2474=CARTESIAN_POINT('',(10.6388063862051,7.5,4.13465193288089));
#2475=CARTESIAN_POINT('',(14.8844221721288,7.5,3.95700037479401));
#2476=CARTESIAN_POINT('',(12.9306542873383,7.5,1.8000003695488));
#2477=CARTESIAN_POINT('',(15.6698197613355,7.5,1.8000003695488));
#2478=CARTESIAN_POINT('',(13.7157392501831,7.5,3.95700037479401));
#2479=CARTESIAN_POINT('',(13.5966511092741,7.5,3.6298088825069));
#2480=CARTESIAN_POINT('',(16.4552185426351,7.5,3.95700037479401));
#2481=CARTESIAN_POINT('',(16.0722470283508,7.5,1.8000003695488));
#2482=CARTESIAN_POINT('',(17.240616429865,7.5,1.8000003695488));
#2483=CARTESIAN_POINT('',(16.8573319911957,7.5,3.95700037479401));
#2484=CARTESIAN_POINT('',(16.5544950986818,7.5,3.12496408616882));
#2485=CARTESIAN_POINT('',(18.0260149131413,7.5,3.95700037479401));
#2486=CARTESIAN_POINT('',(19.2138409614563,7.5,1.8000003695488));
#2487=CARTESIAN_POINT('',(18.811412502348,7.5,1.8000003695488));
#2488=CARTESIAN_POINT('',(19.9989247322083,7.5,3.95700037479401));
#2489=CARTESIAN_POINT('',(19.5123398326528,7.5,2.62011930554433));
#2490=CARTESIAN_POINT('',(19.5968115816708,7.5,3.95700037479401));
#2491=CARTESIAN_POINT('',(22.3554348945618,7.5,1.8000003695488));
#2492=CARTESIAN_POINT('',(20.3822094689008,7.5,1.8000003695488));
#2493=CARTESIAN_POINT('',(23.1405162811279,7.5,3.95700037479401));
#2494=CARTESIAN_POINT('',(22.4701856670416,7.5,2.11527649387971));
#2495=CARTESIAN_POINT('',(23.983371257782,7.5,3.95700037479401));
#2496=CARTESIAN_POINT('',(21.1676067600842,7.5,3.95700037479401));
#2497=CARTESIAN_POINT('',(24.7684574127197,7.5,1.8000003695488));
#2498=CARTESIAN_POINT('',(24.0935354017422,7.5,3.65432778579799));
#2499=CARTESIAN_POINT('',(25.4970264434814,7.5,1.8000003695488));
#2500=CARTESIAN_POINT('',(21.9530058394071,7.5,1.8000003695488));
#2501=CARTESIAN_POINT('',(26.2821102142334,7.5,3.95700037479401));
#2502=CARTESIAN_POINT('',(25.4280287969512,7.5,1.61043088731996));
#2503=CARTESIAN_POINT('',(22.738403726637,7.5,3.95700037479401));
#2504=CARTESIAN_POINT('',(28.6386179924011,7.5,1.8000003695488));
#2505=CARTESIAN_POINT('',(23.5238016138669,7.5,1.8000003695488));
#2506=CARTESIAN_POINT('',(29.4237017631531,7.5,3.95700037479401));
#2507=CARTESIAN_POINT('',(28.3858721567317,7.5,1.10558686977341));
#2508=CARTESIAN_POINT('',(24.3092000971433,7.5,3.95700037479401));
#2509=CARTESIAN_POINT('',(31.7802095413208,7.5,1.8000003695488));
#2510=CARTESIAN_POINT('',(25.0945979843732,7.5,1.8000003695488));
#2511=CARTESIAN_POINT('',(32.5652956962585,7.5,3.95700037479401));
#2512=CARTESIAN_POINT('',(31.3437123301896,7.5,0.600737739864431));
#2513=CARTESIAN_POINT('',(25.8799964676495,7.5,3.95700037479401));
#2514=CARTESIAN_POINT('',(34.9218034744263,7.5,1.8000003695488));
#2515=CARTESIAN_POINT('',(26.6653949509259,7.5,1.8000003695488));
#2516=CARTESIAN_POINT('',(35.706889629364,7.5,3.95700037479401));
#2517=CARTESIAN_POINT('',(34.3015569492238,7.5,0.0958921647350675));
#2518=CARTESIAN_POINT('',(27.4507934342023,7.5,3.95700037479401));
#2519=CARTESIAN_POINT('',(38.0633974075317,7.5,1.8000003695488));
#2520=CARTESIAN_POINT('',(28.2361913214322,7.5,1.8000003695488));
#2521=CARTESIAN_POINT('',(38.8484811782837,7.5,3.95700037479401));
#2522=CARTESIAN_POINT('',(37.259406725548,7.5,-0.408945949128784));
#2523=CARTESIAN_POINT('',(39.6913385391235,7.5,3.95700037479401));
#2524=CARTESIAN_POINT('',(29.0215898047086,7.5,3.95700037479401));
#2525=CARTESIAN_POINT('',(40.4764175415039,7.5,1.8000003695488));
#2526=CARTESIAN_POINT('',(38.882772623496,7.5,6.17853053795162));
#2527=CARTESIAN_POINT('',(41.2049913406372,7.5,1.8000003695488));
#2528=CARTESIAN_POINT('',(29.806987095892,7.5,1.8000003695488));
#2529=CARTESIAN_POINT('',(41.9900703430176,7.5,3.95700037479401));
#2530=CARTESIAN_POINT('',(40.2172646155773,7.5,-0.913773078314616));
#2531=CARTESIAN_POINT('',(30.5923855791684,7.5,3.95700037479401));
#2532=CARTESIAN_POINT('',(44.3465805053711,7.5,1.8000003695488));
#2533=CARTESIAN_POINT('',(31.3777828703519,7.5,1.8000003695488));
#2534=CARTESIAN_POINT('',(45.131664276123,7.5,3.95700037479401));
#2535=CARTESIAN_POINT('',(43.175093445109,7.5,-1.41863398422189));
#2536=CARTESIAN_POINT('',(45.9745216369629,7.5,3.95700037479401));
#2537=CARTESIAN_POINT('',(32.1631813536282,7.5,3.95700037479401));
#2538=CARTESIAN_POINT('',(46.7596054077148,7.5,1.8000003695488));
#2539=CARTESIAN_POINT('',(44.7984484288556,7.5,7.18823506663642));
#2540=CARTESIAN_POINT('',(47.4881744384766,7.5,1.8000003695488));
#2541=CARTESIAN_POINT('',(32.9485798369046,7.5,1.8000003695488));
#2542=CARTESIAN_POINT('',(48.2732582092285,7.5,3.95700037479401));
#2543=CARTESIAN_POINT('',(46.1329390496269,7.5,-1.92347838489971));
#2544=CARTESIAN_POINT('',(49.1161108016968,7.5,3.95700037479401));
#2545=CARTESIAN_POINT('',(33.7339771280881,7.5,3.95700037479401));
#2546=CARTESIAN_POINT('',(49.9011993408203,7.5,1.8000003695488));
#2547=CARTESIAN_POINT('',(47.7562727167487,7.5,7.69310224126659));
#2548=CARTESIAN_POINT('',(34.5193768034573,7.5,1.8000003695488));
#2549=CARTESIAN_POINT('',(52.2577047348022,7.5,3.95700037479401));
#2550=CARTESIAN_POINT('',(35.3047740946408,7.5,3.95700037479401));
#2551=CARTESIAN_POINT('',(53.0427932739258,7.5,1.8000003695488));
#2552=CARTESIAN_POINT('',(50.7141163502975,7.5,8.19794899084474));
#2553=CARTESIAN_POINT('',(36.0901725779172,7.5,1.8000003695488));
#2554=CARTESIAN_POINT('Origin',(62.649712562561,5.,1.8000003695488));
#2555=CARTESIAN_POINT('',(40.7114911566373,2.5,1.8000003695488));
#2556=CARTESIAN_POINT('Origin',(61.2610578536987,5.,3.95700037479401));
#2557=CARTESIAN_POINT('',(60.8396291732788,2.5,3.95700037479401));
#2558=CARTESIAN_POINT('',(40.0171638022061,2.5,3.95700037479401));
#2559=CARTESIAN_POINT('',(60.8396291732788,5.,3.95700037479401));
#2560=CARTESIAN_POINT('Origin',(59.690260887146,5.,1.8000003695488));
#2561=CARTESIAN_POINT('',(60.0545454025269,2.5,1.8000003695488));
#2562=CARTESIAN_POINT('',(39.2317653189298,2.5,1.8000003695488));
#2563=CARTESIAN_POINT('',(60.0545454025269,5.,1.8000003695488));
#2564=CARTESIAN_POINT('Origin',(60.4470872879028,5.,2.8785003721714));
#2565=CARTESIAN_POINT('',(57.9643169782237,2.5,-3.94285522134846));
#2566=CARTESIAN_POINT('Origin',(54.9778723716736,5.,3.95700037479401));
#2567=CARTESIAN_POINT('',(54.5564460754395,2.5,3.95700037479401));
#2568=CARTESIAN_POINT('',(36.8755710611936,2.5,3.95700037479401));
#2569=CARTESIAN_POINT('',(54.5564460754395,5.,3.95700037479401));
#2570=CARTESIAN_POINT('Origin',(54.1639018058777,5.,2.8785003721714));
#2571=CARTESIAN_POINT('',(53.7713575363159,2.5,1.8000003695488));
#2572=CARTESIAN_POINT('',(52.0486055997576,2.5,-2.93319308700185));
#2573=CARTESIAN_POINT('',(53.7713575363159,5.,1.8000003695488));
#2574=CARTESIAN_POINT('Origin',(58.1194639205933,5.,3.95700037479401));
#2575=CARTESIAN_POINT('',(57.6980352401733,2.5,3.95700037479401));
#2576=CARTESIAN_POINT('',(38.4463668356534,2.5,3.95700037479401));
#2577=CARTESIAN_POINT('',(57.6980352401733,5.,3.95700037479401));
#2578=CARTESIAN_POINT('Origin',(57.3054933547974,5.,2.8785003721714));
#2579=CARTESIAN_POINT('',(56.9129514694214,2.5,1.8000003695488));
#2580=CARTESIAN_POINT('',(55.0064713737058,2.5,-3.43801082067064));
#2581=CARTESIAN_POINT('',(56.9129514694214,5.,1.8000003695488));
#2582=CARTESIAN_POINT('Origin',(56.5486669540405,5.,1.8000003695488));
#2583=CARTESIAN_POINT('',(37.660968352377,2.5,1.8000003695488));
#2584=CARTESIAN_POINT('Origin',(28.2743334770203,5.,1.8000003695488));
#2585=CARTESIAN_POINT('',(28.6386179924011,2.5,1.8000003695488));
#2586=CARTESIAN_POINT('',(23.5238016138669,2.5,1.8000003695488));
#2587=CARTESIAN_POINT('',(28.6386179924011,5.,1.8000003695488));
#2588=CARTESIAN_POINT('Origin',(29.845130443573,5.,3.95700037479401));
#2589=CARTESIAN_POINT('',(29.4237017631531,2.5,3.95700037479401));
#2590=CARTESIAN_POINT('',(24.3092000971433,2.5,3.95700037479401));
#2591=CARTESIAN_POINT('',(29.4237017631531,5.,3.95700037479401));
#2592=CARTESIAN_POINT('Origin',(29.0311598777771,5.,2.8785003721714));
#2593=CARTESIAN_POINT('',(28.3858721567317,2.5,1.10558686977341));
#2594=CARTESIAN_POINT('Origin',(31.4159262180328,5.,1.8000003695488));
#2595=CARTESIAN_POINT('',(31.7802095413208,2.5,1.8000003695488));
#2596=CARTESIAN_POINT('',(25.0945979843732,2.5,1.8000003695488));
#2597=CARTESIAN_POINT('',(31.7802095413208,5.,1.8000003695488));
#2598=CARTESIAN_POINT('Origin',(32.9867231845856,5.,3.95700037479401));
#2599=CARTESIAN_POINT('',(32.5652956962585,2.5,3.95700037479401));
#2600=CARTESIAN_POINT('',(25.8799964676495,2.5,3.95700037479401));
#2601=CARTESIAN_POINT('',(32.5652956962585,5.,3.95700037479401));
#2602=CARTESIAN_POINT('Origin',(32.1727526187897,5.,2.8785003721714));
#2603=CARTESIAN_POINT('',(31.3437123301896,2.5,0.600737739864431));
#2604=CARTESIAN_POINT('Origin',(34.5575201511383,5.,1.8000003695488));
#2605=CARTESIAN_POINT('',(34.9218034744263,2.5,1.8000003695488));
#2606=CARTESIAN_POINT('',(26.6653949509259,2.5,1.8000003695488));
#2607=CARTESIAN_POINT('',(34.9218034744263,5.,1.8000003695488));
#2608=CARTESIAN_POINT('Origin',(36.128317117691,5.,3.95700037479401));
#2609=CARTESIAN_POINT('',(35.706889629364,2.5,3.95700037479401));
#2610=CARTESIAN_POINT('',(27.4507934342023,2.5,3.95700037479401));
#2611=CARTESIAN_POINT('',(35.706889629364,5.,3.95700037479401));
#2612=CARTESIAN_POINT('Origin',(35.3143465518951,5.,2.8785003721714));
#2613=CARTESIAN_POINT('',(34.3015569492238,2.5,0.0958921647350686));
#2614=CARTESIAN_POINT('Origin',(42.4115014076233,5.,3.95700037479401));
#2615=CARTESIAN_POINT('',(41.9900703430176,2.5,3.95700037479401));
#2616=CARTESIAN_POINT('',(30.5923855791684,2.5,3.95700037479401));
#2617=CARTESIAN_POINT('',(41.9900703430176,5.,3.95700037479401));
#2618=CARTESIAN_POINT('Origin',(41.5975308418274,5.,2.8785003721714));
#2619=CARTESIAN_POINT('',(41.2049913406372,2.5,1.8000003695488));
#2620=CARTESIAN_POINT('',(40.2172646155773,2.5,-0.913773078314615));
#2621=CARTESIAN_POINT('',(41.2049913406372,5.,1.8000003695488));
#2622=CARTESIAN_POINT('Origin',(47.8807163238525,5.,2.8785003721714));
#2623=CARTESIAN_POINT('',(48.2732582092285,2.5,3.95700037479401));
#2624=CARTESIAN_POINT('',(48.2732582092285,5.,3.95700037479401));
#2625=CARTESIAN_POINT('',(47.4881744384766,2.5,1.8000003695488));
#2626=CARTESIAN_POINT('',(47.4881744384766,5.,1.8000003695488));
#2627=CARTESIAN_POINT('',(46.1329390496269,2.5,-1.92347838489971));
#2628=CARTESIAN_POINT('Origin',(44.7391223907471,5.,2.8785003721714));
#2629=CARTESIAN_POINT('',(45.131664276123,2.5,3.95700037479401));
#2630=CARTESIAN_POINT('',(45.131664276123,5.,3.95700037479401));
#2631=CARTESIAN_POINT('',(44.3465805053711,2.5,1.8000003695488));
#2632=CARTESIAN_POINT('',(44.3465805053711,5.,1.8000003695488));
#2633=CARTESIAN_POINT('',(43.175093445109,2.5,-1.41863398422189));
#2634=CARTESIAN_POINT('Origin',(43.9822959899902,5.,1.8000003695488));
#2635=CARTESIAN_POINT('',(31.3777828703519,2.5,1.8000003695488));
#2636=CARTESIAN_POINT('Origin',(39.2699098587036,5.,3.95700037479401));
#2637=CARTESIAN_POINT('',(39.6913385391235,2.5,3.95700037479401));
#2638=CARTESIAN_POINT('',(39.6913385391235,5.,3.95700037479401));
#2639=CARTESIAN_POINT('',(38.8484811782837,2.5,3.95700037479401));
#2640=CARTESIAN_POINT('',(38.8484811782837,5.,3.95700037479401));
#2641=CARTESIAN_POINT('',(29.0215898047086,2.5,3.95700037479401));
#2642=CARTESIAN_POINT('Origin',(37.6991128921509,5.,1.8000003695488));
#2643=CARTESIAN_POINT('',(38.0633974075317,2.5,1.8000003695488));
#2644=CARTESIAN_POINT('',(38.0633974075317,5.,1.8000003695488));
#2645=CARTESIAN_POINT('',(28.2361913214322,2.5,1.8000003695488));
#2646=CARTESIAN_POINT('Origin',(10.995574593544,5.,3.95700037479401));
#2647=CARTESIAN_POINT('',(10.5741465091705,2.5,3.95700037479401));
#2648=CARTESIAN_POINT('',(14.8844221721288,2.5,3.95700037479401));
#2649=CARTESIAN_POINT('',(10.5741465091705,5.,3.95700037479401));
#2650=CARTESIAN_POINT('Origin',(10.1816046237946,5.,2.8785003721714));
#2651=CARTESIAN_POINT('',(9.78906273841858,2.5,1.8000003695488));
#2652=CARTESIAN_POINT('',(10.6388063862051,2.5,4.13465193288089));
#2653=CARTESIAN_POINT('',(9.78906273841858,5.,1.8000003695488));
#2654=CARTESIAN_POINT('Origin',(12.5663697719574,5.,1.8000003695488));
#2655=CARTESIAN_POINT('',(12.9306542873383,2.5,1.8000003695488));
#2656=CARTESIAN_POINT('',(15.6698197613355,2.5,1.8000003695488));
#2657=CARTESIAN_POINT('',(12.9306542873383,5.,1.8000003695488));
#2658=CARTESIAN_POINT('Origin',(14.1371673345566,5.,3.95700037479401));
#2659=CARTESIAN_POINT('',(13.7157392501831,2.5,3.95700037479401));
#2660=CARTESIAN_POINT('',(16.4552185426351,2.5,3.95700037479401));
#2661=CARTESIAN_POINT('',(13.7157392501831,5.,3.95700037479401));
#2662=CARTESIAN_POINT('Origin',(13.3231967687607,5.,2.8785003721714));
#2663=CARTESIAN_POINT('',(13.5966511092741,2.5,3.6298088825069));
#2664=CARTESIAN_POINT('Origin',(15.7079631090164,5.,1.8000003695488));
#2665=CARTESIAN_POINT('',(16.0722470283508,2.5,1.8000003695488));
#2666=CARTESIAN_POINT('',(17.240616429865,2.5,1.8000003695488));
#2667=CARTESIAN_POINT('',(16.0722470283508,5.,1.8000003695488));
#2668=CARTESIAN_POINT('Origin',(17.2787600755692,5.,3.95700037479401));
#2669=CARTESIAN_POINT('',(16.8573319911957,2.5,3.95700037479401));
#2670=CARTESIAN_POINT('',(18.0260149131413,2.5,3.95700037479401));
#2671=CARTESIAN_POINT('',(16.8573319911957,5.,3.95700037479401));
#2672=CARTESIAN_POINT('Origin',(16.4647895097733,5.,2.8785003721714));
#2673=CARTESIAN_POINT('',(16.5544950986818,2.5,3.12496408616882));
#2674=CARTESIAN_POINT('Origin',(18.8495552539825,5.,1.8000003695488));
#2675=CARTESIAN_POINT('',(19.2138409614563,2.5,1.8000003695488));
#2676=CARTESIAN_POINT('',(18.811412502348,2.5,1.8000003695488));
#2677=CARTESIAN_POINT('',(19.2138409614563,5.,1.8000003695488));
#2678=CARTESIAN_POINT('Origin',(20.4203534126282,5.,3.95700037479401));
#2679=CARTESIAN_POINT('',(19.9989247322083,2.5,3.95700037479401));
#2680=CARTESIAN_POINT('',(19.5968115816708,2.5,3.95700037479401));
#2681=CARTESIAN_POINT('',(19.9989247322083,5.,3.95700037479401));
#2682=CARTESIAN_POINT('Origin',(19.6063828468323,5.,2.8785003721714));
#2683=CARTESIAN_POINT('',(19.5123398326528,2.5,2.62011930554433));
#2684=CARTESIAN_POINT('Origin',(21.991149187088,5.,1.8000003695488));
#2685=CARTESIAN_POINT('',(22.3554348945618,2.5,1.8000003695488));
#2686=CARTESIAN_POINT('',(20.3822094689008,2.5,1.8000003695488));
#2687=CARTESIAN_POINT('',(22.3554348945618,5.,1.8000003695488));
#2688=CARTESIAN_POINT('Origin',(22.7479755878448,5.,2.8785003721714));
#2689=CARTESIAN_POINT('',(23.1405162811279,2.5,3.95700037479401));
#2690=CARTESIAN_POINT('',(23.1405162811279,5.,3.95700037479401));
#2691=CARTESIAN_POINT('',(22.4701856670416,2.5,2.11527649387971));
#2692=CARTESIAN_POINT('Origin',(26.7035377025604,5.,3.95700037479401));
#2693=CARTESIAN_POINT('',(26.2821102142334,2.5,3.95700037479401));
#2694=CARTESIAN_POINT('',(22.738403726637,2.5,3.95700037479401));
#2695=CARTESIAN_POINT('',(26.2821102142334,5.,3.95700037479401));
#2696=CARTESIAN_POINT('Origin',(25.8895683288574,5.,2.8785003721714));
#2697=CARTESIAN_POINT('',(25.4970264434814,2.5,1.8000003695488));
#2698=CARTESIAN_POINT('',(25.4280287969512,2.5,1.61043088731996));
#2699=CARTESIAN_POINT('',(25.4970264434814,5.,1.8000003695488));
#2700=CARTESIAN_POINT('Origin',(6.32373511791229,5.,1.8000003695488));
#2701=CARTESIAN_POINT('',(6.64746999740601,2.5,1.8000003695488));
#2702=CARTESIAN_POINT('',(6.00000023841858,2.5,1.8000003695488));
#2703=CARTESIAN_POINT('',(12.5485024343129,2.5,1.8000003695488));
#2704=CARTESIAN_POINT('',(6.64746999740601,5.,1.8000003695488));
#2705=CARTESIAN_POINT('',(6.00000023841858,5.,1.8000003695488));
#2706=CARTESIAN_POINT('Origin',(7.04001188278198,5.,2.8785003721714));
#2707=CARTESIAN_POINT('',(7.43255376815796,2.5,3.95700037479401));
#2708=CARTESIAN_POINT('',(7.68096190405594,2.5,4.63949614199308));
#2709=CARTESIAN_POINT('',(7.43255376815796,5.,3.95700037479401));
#2710=CARTESIAN_POINT('Origin',(7.85398185253143,5.,3.95700037479401));
#2711=CARTESIAN_POINT('',(8.27540993690491,2.5,3.95700037479401));
#2712=CARTESIAN_POINT('',(8.27540993690491,5.,3.95700037479401));
#2713=CARTESIAN_POINT('',(13.3136258016225,2.5,3.95700037479401));
#2714=CARTESIAN_POINT('Origin',(38.4559392929077,5.,2.8785003721714));
#2715=CARTESIAN_POINT('',(37.259406725548,2.5,-0.408945949128783));
#2716=CARTESIAN_POINT('Origin',(18.7732697507135,2.5,2.59650888396244));
#2717=CARTESIAN_POINT('',(53.0427932739258,2.5,1.8000003695488));
#2718=CARTESIAN_POINT('',(36.0901725779172,2.5,1.8000003695488));
#2719=CARTESIAN_POINT('',(52.2577047348022,2.5,3.95700037479401));
#2720=CARTESIAN_POINT('',(50.7141163502975,2.5,8.19794899084474));
#2721=CARTESIAN_POINT('',(35.3047740946408,2.5,3.95700037479401));
#2722=CARTESIAN_POINT('',(49.9011993408203,2.5,1.8000003695488));
#2723=CARTESIAN_POINT('',(34.5193768034573,2.5,1.8000003695488));
#2724=CARTESIAN_POINT('',(49.1161108016968,2.5,3.95700037479401));
#2725=CARTESIAN_POINT('',(47.7562727167487,2.5,7.69310224126659));
#2726=CARTESIAN_POINT('',(33.7339771280881,2.5,3.95700037479401));
#2727=CARTESIAN_POINT('',(46.7596054077148,2.5,1.8000003695488));
#2728=CARTESIAN_POINT('',(32.9485798369046,2.5,1.8000003695488));
#2729=CARTESIAN_POINT('',(45.9745216369629,2.5,3.95700037479401));
#2730=CARTESIAN_POINT('',(44.7984484288556,2.5,7.18823506663642));
#2731=CARTESIAN_POINT('',(32.1631813536282,2.5,3.95700037479401));
#2732=CARTESIAN_POINT('',(40.4764175415039,2.5,1.8000003695488));
#2733=CARTESIAN_POINT('',(29.806987095892,2.5,1.8000003695488));
#2734=CARTESIAN_POINT('',(38.882772623496,2.5,6.17853053795162));
#2735=CARTESIAN_POINT('',(24.7684574127197,2.5,1.8000003695488));
#2736=CARTESIAN_POINT('',(21.9530058394071,2.5,1.8000003695488));
#2737=CARTESIAN_POINT('',(23.983371257782,2.5,3.95700037479401));
#2738=CARTESIAN_POINT('',(24.0935354017422,2.5,3.65432778579799));
#2739=CARTESIAN_POINT('',(21.1676067600842,2.5,3.95700037479401));
#2740=CARTESIAN_POINT('',(9.06049370765686,2.5,1.8000003695488));
#2741=CARTESIAN_POINT('',(14.0990239868756,2.5,1.8000003695488));
#2742=CARTESIAN_POINT('',(9.30431576543385,2.5,1.13010474885582));
#2743=CARTESIAN_POINT('Ctrl Pts',(1.10000006854534,2.5,5.50000011920929));
#2744=CARTESIAN_POINT('Ctrl Pts',(1.72307428977333,2.5,5.50000011920929));
#2745=CARTESIAN_POINT('Ctrl Pts',(2.34167605625278,2.5,5.50686245491411));
#2746=CARTESIAN_POINT('Ctrl Pts',(2.96687319491741,2.5,5.50002108290735));
#2747=CARTESIAN_POINT('Ctrl Pts',(3.27947176424972,2.5,5.49660039690397));
#2748=CARTESIAN_POINT('Ctrl Pts',(3.59371917662833,2.5,5.48975378397269));
#2749=CARTESIAN_POINT('Ctrl Pts',(3.90013313932373,2.5,5.43320392047441));
#2750=CARTESIAN_POINT('Ctrl Pts',(4.20654710201914,2.5,5.37665405697613));
#2751=CARTESIAN_POINT('Ctrl Pts',(4.50512761503134,2.5,5.27040094291084));
#2752=CARTESIAN_POINT('Ctrl Pts',(4.77382026794052,2.5,5.11263481112703));
#2753=CARTESIAN_POINT('Ctrl Pts',(5.0425129208497,2.5,4.95486867934321));
#2754=CARTESIAN_POINT('Ctrl Pts',(5.28131771365584,2.5,4.74558952984086));
#2755=CARTESIAN_POINT('Ctrl Pts',(5.46771047842957,2.5,4.49616637626097));
#2756=CARTESIAN_POINT('Ctrl Pts',(5.65410324320329,2.5,4.24674322268108));
#2757=CARTESIAN_POINT('Ctrl Pts',(5.78808397994459,2.5,3.95717606502364));
#2758=CARTESIAN_POINT('Ctrl Pts',(5.87117722499339,2.5,3.65802383114846));
#2759=CARTESIAN_POINT('Ctrl Pts',(6.03736371509098,2.5,3.0597193633981));
#2760=CARTESIAN_POINT('Ctrl Pts',(6.00000023841858,2.5,2.42307459077679));
#2761=CARTESIAN_POINT('Ctrl Pts',(6.00000023841858,2.5,1.8000003695488));
#2762=CARTESIAN_POINT('Origin',(9.42477822303772,5.,1.8000003695488));
#2763=CARTESIAN_POINT('',(9.06049370765686,5.,1.8000003695488));
#2764=CARTESIAN_POINT('Origin',(8.66795182228088,5.,2.8785003721714));
#2765=CARTESIAN_POINT('Origin',(23.561943769455,5.,3.95700037479401));
#2766=CARTESIAN_POINT('',(23.983371257782,5.,3.95700037479401));
#2767=CARTESIAN_POINT('Origin',(24.3759143352509,5.,2.8785003721714));
#2768=CARTESIAN_POINT('',(24.7684574127197,5.,1.8000003695488));
#2769=CARTESIAN_POINT('Origin',(25.1327419281006,5.,1.8000003695488));
#2770=CARTESIAN_POINT('Origin',(40.0838780403137,5.,2.8785003721714));
#2771=CARTESIAN_POINT('',(40.4764175415039,5.,1.8000003695488));
#2772=CARTESIAN_POINT('Origin',(40.8407044410706,5.,1.8000003695488));
#2773=CARTESIAN_POINT('Origin',(47.1238899230957,5.,1.8000003695488));
#2774=CARTESIAN_POINT('',(46.7596054077148,5.,1.8000003695488));
#2775=CARTESIAN_POINT('Origin',(46.3670635223389,5.,2.8785003721714));
#2776=CARTESIAN_POINT('',(45.9745216369629,5.,3.95700037479401));
#2777=CARTESIAN_POINT('Origin',(45.553092956543,5.,3.95700037479401));
#2778=CARTESIAN_POINT('Origin',(50.2654838562012,5.,1.8000003695488));
#2779=CARTESIAN_POINT('',(49.9011993408203,5.,1.8000003695488));
#2780=CARTESIAN_POINT('Origin',(49.5086550712585,5.,2.8785003721714));
#2781=CARTESIAN_POINT('',(49.1161108016968,5.,3.95700037479401));
#2782=CARTESIAN_POINT('Origin',(48.6946845054626,5.,3.95700037479401));
#2783=CARTESIAN_POINT('Origin',(53.4070754051208,5.,1.8000003695488));
#2784=CARTESIAN_POINT('',(53.0427932739258,5.,1.8000003695488));
#2785=CARTESIAN_POINT('Origin',(52.650249004364,5.,2.8785003721714));
#2786=CARTESIAN_POINT('',(52.2577047348022,5.,3.95700037479401));
#2787=CARTESIAN_POINT('Origin',(51.8362784385681,5.,3.95700037479401));
#2788=CARTESIAN_POINT('Ctrl Pts',(1.10000006854534,7.5,5.50000011920929));
#2789=CARTESIAN_POINT('Ctrl Pts',(1.10000006854534,5.83333333333333,5.50000011920929));
#2790=CARTESIAN_POINT('Ctrl Pts',(1.10000006854534,4.16666666666667,5.50000011920929));
#2791=CARTESIAN_POINT('Ctrl Pts',(1.10000006854534,2.5,5.50000011920929));
#2792=CARTESIAN_POINT('Ctrl Pts',(1.72307428977333,7.5,5.50000011920929));
#2793=CARTESIAN_POINT('Ctrl Pts',(1.72307428977334,5.83333333333333,5.50000011920929));
#2794=CARTESIAN_POINT('Ctrl Pts',(1.72307428977333,4.16666666666667,5.50000011920929));
#2795=CARTESIAN_POINT('Ctrl Pts',(1.72307428977333,2.5,5.50000011920929));
#2796=CARTESIAN_POINT('Ctrl Pts',(2.65097693949251,7.5,5.51029362276652));
#2797=CARTESIAN_POINT('Ctrl Pts',(2.65097693949251,5.83333333333334,5.51029362276652));
#2798=CARTESIAN_POINT('Ctrl Pts',(2.65097693949251,4.16666666666667,5.51029362276652));
#2799=CARTESIAN_POINT('Ctrl Pts',(2.65097693949251,2.5,5.51029362276652));
#2800=CARTESIAN_POINT('Ctrl Pts',(3.90796658900694,7.5,5.48290717104142));
#2801=CARTESIAN_POINT('Ctrl Pts',(3.90796658900694,5.83333333333333,5.48290717104142));
#2802=CARTESIAN_POINT('Ctrl Pts',(3.90796658900693,4.16666666666667,5.48290717104142));
#2803=CARTESIAN_POINT('Ctrl Pts',(3.90796658900693,2.5,5.48290717104142));
#2804=CARTESIAN_POINT('Ctrl Pts',(4.80370812804354,7.5,5.16414782884556));
#2805=CARTESIAN_POINT('Ctrl Pts',(4.80370812804354,5.83333333333333,5.16414782884556));
#2806=CARTESIAN_POINT('Ctrl Pts',(4.80370812804355,4.16666666666667,5.16414782884556));
#2807=CARTESIAN_POINT('Ctrl Pts',(4.80370812804355,2.5,5.16414782884556));
#2808=CARTESIAN_POINT('Ctrl Pts',(5.52012250646199,7.5,4.53631038033851));
#2809=CARTESIAN_POINT('Ctrl Pts',(5.52012250646199,5.83333333333333,4.53631038033852));
#2810=CARTESIAN_POINT('Ctrl Pts',(5.52012250646199,4.16666666666667,4.53631038033851));
#2811=CARTESIAN_POINT('Ctrl Pts',(5.52012250646199,2.5,4.53631038033852));
#2812=CARTESIAN_POINT('Ctrl Pts',(6.05604545342719,7.5,3.37804174970875));
#2813=CARTESIAN_POINT('Ctrl Pts',(6.05604545342719,5.83333333333333,3.37804174970875));
#2814=CARTESIAN_POINT('Ctrl Pts',(6.05604545342719,4.16666666666667,3.37804174970876));
#2815=CARTESIAN_POINT('Ctrl Pts',(6.05604545342719,2.5,3.37804174970875));
#2816=CARTESIAN_POINT('Ctrl Pts',(6.00000023841858,7.5,2.42307459077679));
#2817=CARTESIAN_POINT('Ctrl Pts',(6.00000023841858,5.83333333333333,2.42307459077679));
#2818=CARTESIAN_POINT('Ctrl Pts',(6.00000023841858,4.16666666666667,2.42307459077679));
#2819=CARTESIAN_POINT('Ctrl Pts',(6.00000023841858,2.5,2.42307459077679));
#2820=CARTESIAN_POINT('Ctrl Pts',(6.00000023841858,7.5,1.8000003695488));
#2821=CARTESIAN_POINT('Ctrl Pts',(6.00000023841858,5.83333333333333,1.8000003695488));
#2822=CARTESIAN_POINT('Ctrl Pts',(6.00000023841858,4.16666666666667,1.8000003695488));
#2823=CARTESIAN_POINT('Ctrl Pts',(6.00000023841858,2.5,1.80000036954879));
#2824=UNCERTAINTY_MEASURE_WITH_UNIT(LENGTH_MEASURE(0.01),#2828,
'DISTANCE_ACCURACY_VALUE',
'Maximum model space distance between geometric entities at asserted c
onnectivities');
#2825=UNCERTAINTY_MEASURE_WITH_UNIT(LENGTH_MEASURE(0.01),#2828,
'DISTANCE_ACCURACY_VALUE',
'Maximum model space distance between geometric entities at asserted c
onnectivities');
#2826=(
GEOMETRIC_REPRESENTATION_CONTEXT(3)
GLOBAL_UNCERTAINTY_ASSIGNED_CONTEXT((#2824))
GLOBAL_UNIT_ASSIGNED_CONTEXT((#2828,#2830,#2831))
REPRESENTATION_CONTEXT('','3D')
);
#2827=(
GEOMETRIC_REPRESENTATION_CONTEXT(3)
GLOBAL_UNCERTAINTY_ASSIGNED_CONTEXT((#2825))
GLOBAL_UNIT_ASSIGNED_CONTEXT((#2828,#2830,#2831))
REPRESENTATION_CONTEXT('','3D')
);
#2828=(
LENGTH_UNIT()
NAMED_UNIT(*)
SI_UNIT(.MILLI.,.METRE.)
);
#2829=(
LENGTH_UNIT()
NAMED_UNIT(*)
SI_UNIT($,.METRE.)
);
#2830=(
NAMED_UNIT(*)
PLANE_ANGLE_UNIT()
SI_UNIT($,.RADIAN.)
);
#2831=(
NAMED_UNIT(*)
SI_UNIT($,.STERADIAN.)
SOLID_ANGLE_UNIT()
);
#2832=SHAPE_DEFINITION_REPRESENTATION(#2833,#2834);
#2833=PRODUCT_DEFINITION_SHAPE('',$,#2836);
#2834=SHAPE_REPRESENTATION('',(#1758),#2826);
#2835=PRODUCT_DEFINITION_CONTEXT('part definition',#2840,'design');
#2836=PRODUCT_DEFINITION('2026-09-20-14-52-38-156','(Unsaved)',#2837,#2835);
#2837=PRODUCT_DEFINITION_FORMATION('',$,#2842);
#2838=PRODUCT_RELATED_PRODUCT_CATEGORY('(Unsaved)','(Unsaved)',(#2842));
#2839=APPLICATION_PROTOCOL_DEFINITION('international standard',
'automotive_design',2009,#2840);
#2840=APPLICATION_CONTEXT(
'Core Data for Automotive Mechanical Design Process');
#2841=PRODUCT_CONTEXT('part definition',#2840,'mechanical');
#2842=PRODUCT('2026-09-20-14-52-38-156','(Unsaved)',$,(#2841));
#2843=PRESENTATION_STYLE_ASSIGNMENT((#2844));
#2844=SURFACE_STYLE_USAGE(.BOTH.,#2845);
#2845=SURFACE_SIDE_STYLE('',(#2846));
#2846=SURFACE_STYLE_FILL_AREA(#2847);
#2847=FILL_AREA_STYLE('Steel - Satin',(#2848));
#2848=FILL_AREA_STYLE_COLOUR('Steel - Satin',#2849);
#2849=COLOUR_RGB('Steel - Satin',0.627450980392157,0.627450980392157,0.627450980392157);
ENDSEC;
END-ISO-10303-21;
